spring.bean.factory-method	PRODUCTION_MECHANISM_NOT_IMPLEMENTED	ALTERNATE_FRONTEND	CATEGORY	spring.bean.factory-method	Implement and independently verify this mechanism within the approved M4 slice.	R0 target only; no production Spring extraction claim.
spring.bean.stereotype.composed	PRODUCTION_MECHANISM_NOT_IMPLEMENTED	ALTERNATE_FRONTEND	CATEGORY	spring.bean.stereotype.composed	Implement and independently verify this mechanism within the approved M4 slice.	R0 target only; no production Spring extraction claim.
spring.bean.stereotype.direct	PRODUCTION_MECHANISM_NOT_IMPLEMENTED	ALTERNATE_FRONTEND	CATEGORY	spring.bean.stereotype.direct	Implement and independently verify this mechanism within the approved M4 slice.	R0 target only; no production Spring extraction claim.
spring.condition.bean-state	PRODUCTION_MECHANISM_NOT_IMPLEMENTED	ALTERNATE_FRONTEND	CATEGORY	spring.condition.bean-state	Implement and independently verify this mechanism within the approved M4 slice.	R0 target only; no production Spring extraction claim.
spring.condition.bean-state	SPRING_SAT_ENCODING_NOT_BENCHMARKED	ALTERNATE_FRONTEND	CATEGORY	spring.research.spring_sat_encoding_not_benchmarked	Compare a validated transition encoding and a pinned Java SAT or BDD backend on identical worlds.	Explicit R0 gate qualification; no empirical acceptance inferred.
spring.condition.build-context	PRODUCTION_MECHANISM_NOT_IMPLEMENTED	ALTERNATE_FRONTEND	CATEGORY	spring.condition.build-context	Implement and independently verify this mechanism within the approved M4 slice.	R0 target only; no production Spring extraction claim.
spring.condition.custom-expression	OPAQUE_CORRELATION_ORACLE_NOT_IMPLEMENTED	ALTERNATE_FRONTEND	CATEGORY	spring.research.opaque_correlation_oracle_not_implemented	Verify shared opaque predicates and conservative effects of registry mutations.	Explicit R0 gate qualification; no empirical acceptance inferred.
spring.condition.custom-expression	PRODUCTION_MECHANISM_NOT_IMPLEMENTED	ALTERNATE_FRONTEND	CATEGORY	spring.condition.custom-expression	Implement and independently verify this mechanism within the approved M4 slice.	R0 target only; no production Spring extraction claim.
spring.condition.profile	PRODUCTION_MECHANISM_NOT_IMPLEMENTED	ALTERNATE_FRONTEND	CATEGORY	spring.condition.profile	Implement and independently verify this mechanism within the approved M4 slice.	R0 target only; no production Spring extraction claim.
spring.condition.property	CONFIG_DATA_LOADER_NOT_VALIDATED	ALTERNATE_FRONTEND	CATEGORY	spring.research.config_data_loader_not_validated	Replay precedence imports groups and startup-error cases on pinned loaders.	Explicit R0 gate qualification; no empirical acceptance inferred.
spring.condition.property	PRODUCTION_MECHANISM_NOT_IMPLEMENTED	ALTERNATE_FRONTEND	CATEGORY	spring.condition.property	Implement and independently verify this mechanism within the approved M4 slice.	R0 target only; no production Spring extraction claim.
spring.disambiguation.priority	INDEPENDENT_ADJUDICATION_PENDING	ALTERNATE_FRONTEND	CATEGORY	spring.research.independent_adjudication_pending	Independently review the registered labels raw observations and version-limited claims.	Explicit R0 gate qualification; no empirical acceptance inferred.
spring.disambiguation.priority	PRODUCTION_MECHANISM_NOT_IMPLEMENTED	ALTERNATE_FRONTEND	CATEGORY	spring.disambiguation.priority	Implement and independently verify this mechanism within the approved M4 slice.	R0 target only; no production Spring extraction claim.
spring.disambiguation.qualifier	PRODUCTION_MECHANISM_NOT_IMPLEMENTED	ALTERNATE_FRONTEND	CATEGORY	spring.disambiguation.qualifier	Implement and independently verify this mechanism within the approved M4 slice.	R0 target only; no production Spring extraction claim.
spring.discovery.component-scan	PRODUCTION_MECHANISM_NOT_IMPLEMENTED	ALTERNATE_FRONTEND	CATEGORY	spring.discovery.component-scan	Implement and independently verify this mechanism within the approved M4 slice.	R0 target only; no production Spring extraction claim.
spring.entrypoint.framework	PRODUCTION_MECHANISM_NOT_IMPLEMENTED	ALTERNATE_FRONTEND	CATEGORY	spring.entrypoint.framework	Implement and independently verify this mechanism within the approved M4 slice.	R0 target only; no production Spring extraction claim.
spring.expression.value	PRODUCTION_MECHANISM_NOT_IMPLEMENTED	ALTERNATE_FRONTEND	CATEGORY	spring.expression.value	Implement and independently verify this mechanism within the approved M4 slice.	R0 target only; no production Spring extraction claim.
spring.injection.aggregate	PRODUCTION_MECHANISM_NOT_IMPLEMENTED	ALTERNATE_FRONTEND	CATEGORY	spring.injection.aggregate	Implement and independently verify this mechanism within the approved M4 slice.	R0 target only; no production Spring extraction claim.
spring.injection.bean-parameter	PRODUCTION_MECHANISM_NOT_IMPLEMENTED	ALTERNATE_FRONTEND	CATEGORY	spring.injection.bean-parameter	Implement and independently verify this mechanism within the approved M4 slice.	R0 target only; no production Spring extraction claim.
spring.injection.constructor.explicit	PRODUCTION_MECHANISM_NOT_IMPLEMENTED	ALTERNATE_FRONTEND	CATEGORY	spring.injection.constructor.explicit	Implement and independently verify this mechanism within the approved M4 slice.	R0 target only; no production Spring extraction claim.
spring.injection.constructor.generated	PRODUCTION_MECHANISM_NOT_IMPLEMENTED	ALTERNATE_FRONTEND	CATEGORY	spring.injection.constructor.generated	Implement and independently verify this mechanism within the approved M4 slice.	R0 target only; no production Spring extraction claim.
spring.injection.constructor.implicit	PRODUCTION_MECHANISM_NOT_IMPLEMENTED	ALTERNATE_FRONTEND	CATEGORY	spring.injection.constructor.implicit	Implement and independently verify this mechanism within the approved M4 slice.	R0 target only; no production Spring extraction claim.
spring.injection.field	PRODUCTION_MECHANISM_NOT_IMPLEMENTED	ALTERNATE_FRONTEND	CATEGORY	spring.injection.field	Implement and independently verify this mechanism within the approved M4 slice.	R0 target only; no production Spring extraction claim.
spring.injection.method	PRODUCTION_MECHANISM_NOT_IMPLEMENTED	ALTERNATE_FRONTEND	CATEGORY	spring.injection.method	Implement and independently verify this mechanism within the approved M4 slice.	R0 target only; no production Spring extraction claim.
spring.injection.resource	PRODUCTION_MECHANISM_NOT_IMPLEMENTED	ALTERNATE_FRONTEND	CATEGORY	spring.injection.resource	Implement and independently verify this mechanism within the approved M4 slice.	R0 target only; no production Spring extraction claim.
spring.lookup.container	PRODUCTION_MECHANISM_NOT_IMPLEMENTED	ALTERNATE_FRONTEND	CATEGORY	spring.lookup.container	Implement and independently verify this mechanism within the approved M4 slice.	R0 target only; no production Spring extraction claim.
spring.mechanism.unclassified	ANNOTATION_SEMANTICS_NOT_ADJUDICATED	DEPENDENCY_ARTIFACT	ARTIFACT	sha256:1c4e0aadcb662b6149b536a2cf288003ffefe81a6cc69846e9f14976529a1b08!org/springframework/boot/autoconfigure/AutoConfiguration.class#sha256:b79b8a4935836df0f4ba5ba0303c7306d1524dcc32d08a8cb8a041c21cff62cf	Review exact declaration metadata and semantic role against source and framework version.	Annotation declaration census only; family hints do not establish semantics or application uses.
spring.mechanism.unclassified	ANNOTATION_SEMANTICS_NOT_ADJUDICATED	DEPENDENCY_ARTIFACT	ARTIFACT	sha256:1c4e0aadcb662b6149b536a2cf288003ffefe81a6cc69846e9f14976529a1b08!org/springframework/boot/autoconfigure/AutoConfigurationPackage.class#sha256:1f7c31c394301b71a42da713ce3df820d78bada7f4650a70dec4f14ca79ac5de	Review exact declaration metadata and semantic role against source and framework version.	Annotation declaration census only; family hints do not establish semantics or application uses.
spring.mechanism.unclassified	ANNOTATION_SEMANTICS_NOT_ADJUDICATED	DEPENDENCY_ARTIFACT	ARTIFACT	sha256:1c4e0aadcb662b6149b536a2cf288003ffefe81a6cc69846e9f14976529a1b08!org/springframework/boot/autoconfigure/AutoConfigureAfter.class#sha256:f80ff142addd31115165c5a24d06dba75a725774039ca6422af95dd1e4146a96	Review exact declaration metadata and semantic role against source and framework version.	Annotation declaration census only; family hints do not establish semantics or application uses.
spring.mechanism.unclassified	ANNOTATION_SEMANTICS_NOT_ADJUDICATED	DEPENDENCY_ARTIFACT	ARTIFACT	sha256:1c4e0aadcb662b6149b536a2cf288003ffefe81a6cc69846e9f14976529a1b08!org/springframework/boot/autoconfigure/AutoConfigureBefore.class#sha256:c0d298a032dfca2ebb1160b362f9e327801fe852ffebddfcf2c1ed95c347f142	Review exact declaration metadata and semantic role against source and framework version.	Annotation declaration census only; family hints do not establish semantics or application uses.
spring.mechanism.unclassified	ANNOTATION_SEMANTICS_NOT_ADJUDICATED	DEPENDENCY_ARTIFACT	ARTIFACT	sha256:1c4e0aadcb662b6149b536a2cf288003ffefe81a6cc69846e9f14976529a1b08!org/springframework/boot/autoconfigure/AutoConfigureOrder.class#sha256:c56e38328bb36ff0f32fd42f79af349cf07e54df13e58284603a8ee185449ca3	Review exact declaration metadata and semantic role against source and framework version.	Annotation declaration census only; family hints do not establish semantics or application uses.
spring.mechanism.unclassified	ANNOTATION_SEMANTICS_NOT_ADJUDICATED	DEPENDENCY_ARTIFACT	ARTIFACT	sha256:1c4e0aadcb662b6149b536a2cf288003ffefe81a6cc69846e9f14976529a1b08!org/springframework/boot/autoconfigure/EnableAutoConfiguration.class#sha256:a6b3fb244cb2f299028619e5df18536423c3b1633e73d941ef5a238c868f77d2	Review exact declaration metadata and semantic role against source and framework version.	Annotation declaration census only; family hints do not establish semantics or application uses.
spring.mechanism.unclassified	ANNOTATION_SEMANTICS_NOT_ADJUDICATED	DEPENDENCY_ARTIFACT	ARTIFACT	sha256:1c4e0aadcb662b6149b536a2cf288003ffefe81a6cc69846e9f14976529a1b08!org/springframework/boot/autoconfigure/ImportAutoConfiguration.class#sha256:d055a3c6f42fcf408a8f38a6425e06eb55cd6b44f1a94c6b007fc7a036e6ca31	Review exact declaration metadata and semantic role against source and framework version.	Annotation declaration census only; family hints do not establish semantics or application uses.
spring.mechanism.unclassified	ANNOTATION_SEMANTICS_NOT_ADJUDICATED	DEPENDENCY_ARTIFACT	ARTIFACT	sha256:1c4e0aadcb662b6149b536a2cf288003ffefe81a6cc69846e9f14976529a1b08!org/springframework/boot/autoconfigure/SpringBootApplication.class#sha256:8bcc24e6a0640de64937a2ffb768f73e749d5f0f62c8e01c98843981dbca5448	Review exact declaration metadata and semantic role against source and framework version.	Annotation declaration census only; family hints do not establish semantics or application uses.
spring.mechanism.unclassified	ANNOTATION_SEMANTICS_NOT_ADJUDICATED	DEPENDENCY_ARTIFACT	ARTIFACT	sha256:1c4e0aadcb662b6149b536a2cf288003ffefe81a6cc69846e9f14976529a1b08!org/springframework/boot/autoconfigure/batch/BatchDataSource.class#sha256:853b7bd8d3014d31bbcaaccf94458c2475ce443d143d581e4707495d9dce0f54	Review exact declaration metadata and semantic role against source and framework version.	Annotation declaration census only; family hints do not establish semantics or application uses.
spring.mechanism.unclassified	ANNOTATION_SEMANTICS_NOT_ADJUDICATED	DEPENDENCY_ARTIFACT	ARTIFACT	sha256:1c4e0aadcb662b6149b536a2cf288003ffefe81a6cc69846e9f14976529a1b08!org/springframework/boot/autoconfigure/condition/ConditionalOnBean.class#sha256:6b4dade3576acda63abd2d5aae5af75b718a211aaef0a874dd70b133806147af	Review exact declaration metadata and semantic role against source and framework version.	Annotation declaration census only; family hints do not establish semantics or application uses.
spring.mechanism.unclassified	ANNOTATION_SEMANTICS_NOT_ADJUDICATED	DEPENDENCY_ARTIFACT	ARTIFACT	sha256:1c4e0aadcb662b6149b536a2cf288003ffefe81a6cc69846e9f14976529a1b08!org/springframework/boot/autoconfigure/condition/ConditionalOnClass.class#sha256:d15df3ffaa7538a5ca21035840054cb25f4cdfdee9b45eac0b34d65600695611	Review exact declaration metadata and semantic role against source and framework version.	Annotation declaration census only; family hints do not establish semantics or application uses.
spring.mechanism.unclassified	ANNOTATION_SEMANTICS_NOT_ADJUDICATED	DEPENDENCY_ARTIFACT	ARTIFACT	sha256:1c4e0aadcb662b6149b536a2cf288003ffefe81a6cc69846e9f14976529a1b08!org/springframework/boot/autoconfigure/condition/ConditionalOnCloudPlatform.class#sha256:a3989b98cdedb97b07b22b96e285e594274da988994c70cc65cf700638435ec5	Review exact declaration metadata and semantic role against source and framework version.	Annotation declaration census only; family hints do not establish semantics or application uses.
spring.mechanism.unclassified	ANNOTATION_SEMANTICS_NOT_ADJUDICATED	DEPENDENCY_ARTIFACT	ARTIFACT	sha256:1c4e0aadcb662b6149b536a2cf288003ffefe81a6cc69846e9f14976529a1b08!org/springframework/boot/autoconfigure/condition/ConditionalOnExpression.class#sha256:a55c7f7f76a63169df11c626f3247c7d9884ce299245a7460c6423934c87f845	Review exact declaration metadata and semantic role against source and framework version.	Annotation declaration census only; family hints do not establish semantics or application uses.
spring.mechanism.unclassified	ANNOTATION_SEMANTICS_NOT_ADJUDICATED	DEPENDENCY_ARTIFACT	ARTIFACT	sha256:1c4e0aadcb662b6149b536a2cf288003ffefe81a6cc69846e9f14976529a1b08!org/springframework/boot/autoconfigure/condition/ConditionalOnJava.class#sha256:5572f9d3d91c18c1d26aca5e012b978b941eb6a9f973278f1db816710389dd94	Review exact declaration metadata and semantic role against source and framework version.	Annotation declaration census only; family hints do not establish semantics or application uses.
spring.mechanism.unclassified	ANNOTATION_SEMANTICS_NOT_ADJUDICATED	DEPENDENCY_ARTIFACT	ARTIFACT	sha256:1c4e0aadcb662b6149b536a2cf288003ffefe81a6cc69846e9f14976529a1b08!org/springframework/boot/autoconfigure/condition/ConditionalOnJndi.class#sha256:1b0c4f2261af741d443a1a47482de4d0273cebaf288738ec4a8cb2b2a1c6e419	Review exact declaration metadata and semantic role against source and framework version.	Annotation declaration census only; family hints do not establish semantics or application uses.
spring.mechanism.unclassified	ANNOTATION_SEMANTICS_NOT_ADJUDICATED	DEPENDENCY_ARTIFACT	ARTIFACT	sha256:1c4e0aadcb662b6149b536a2cf288003ffefe81a6cc69846e9f14976529a1b08!org/springframework/boot/autoconfigure/condition/ConditionalOnMissingBean.class#sha256:48f7de04526aee37bd890833b3e77ecf3dbc091dd9127abc72f6ccbd9d9598da	Review exact declaration metadata and semantic role against source and framework version.	Annotation declaration census only; family hints do not establish semantics or application uses.
spring.mechanism.unclassified	ANNOTATION_SEMANTICS_NOT_ADJUDICATED	DEPENDENCY_ARTIFACT	ARTIFACT	sha256:1c4e0aadcb662b6149b536a2cf288003ffefe81a6cc69846e9f14976529a1b08!org/springframework/boot/autoconfigure/condition/ConditionalOnMissingClass.class#sha256:6fce01c9faea6f29c358b04b88729b60ea5af086b22e60ce64d2c566657ad9fa	Review exact declaration metadata and semantic role against source and framework version.	Annotation declaration census only; family hints do not establish semantics or application uses.
spring.mechanism.unclassified	ANNOTATION_SEMANTICS_NOT_ADJUDICATED	DEPENDENCY_ARTIFACT	ARTIFACT	sha256:1c4e0aadcb662b6149b536a2cf288003ffefe81a6cc69846e9f14976529a1b08!org/springframework/boot/autoconfigure/condition/ConditionalOnNotWarDeployment.class#sha256:efc58979c2623a811406636e323301a1f55f2f435b5cf581d81953fb13fe05b9	Review exact declaration metadata and semantic role against source and framework version.	Annotation declaration census only; family hints do not establish semantics or application uses.
spring.mechanism.unclassified	ANNOTATION_SEMANTICS_NOT_ADJUDICATED	DEPENDENCY_ARTIFACT	ARTIFACT	sha256:1c4e0aadcb662b6149b536a2cf288003ffefe81a6cc69846e9f14976529a1b08!org/springframework/boot/autoconfigure/condition/ConditionalOnNotWebApplication.class#sha256:e8abe8446055030baad06cb700b4f318117ab2993a2d8b19f6177d8754a7b9ca	Review exact declaration metadata and semantic role against source and framework version.	Annotation declaration census only; family hints do not establish semantics or application uses.
spring.mechanism.unclassified	ANNOTATION_SEMANTICS_NOT_ADJUDICATED	DEPENDENCY_ARTIFACT	ARTIFACT	sha256:1c4e0aadcb662b6149b536a2cf288003ffefe81a6cc69846e9f14976529a1b08!org/springframework/boot/autoconfigure/condition/ConditionalOnProperty.class#sha256:a04e0487ffffcd99bbdd6a754338e8bb2b27d43f65910f6c9e0274b0f99126d1	Review exact declaration metadata and semantic role against source and framework version.	Annotation declaration census only; family hints do not establish semantics or application uses.
spring.mechanism.unclassified	ANNOTATION_SEMANTICS_NOT_ADJUDICATED	DEPENDENCY_ARTIFACT	ARTIFACT	sha256:1c4e0aadcb662b6149b536a2cf288003ffefe81a6cc69846e9f14976529a1b08!org/springframework/boot/autoconfigure/condition/ConditionalOnResource.class#sha256:2ff5ea90fd729891f9c78d8013700c6f1e457ccaf3da31f566f73e46aa9c8c90	Review exact declaration metadata and semantic role against source and framework version.	Annotation declaration census only; family hints do not establish semantics or application uses.
spring.mechanism.unclassified	ANNOTATION_SEMANTICS_NOT_ADJUDICATED	DEPENDENCY_ARTIFACT	ARTIFACT	sha256:1c4e0aadcb662b6149b536a2cf288003ffefe81a6cc69846e9f14976529a1b08!org/springframework/boot/autoconfigure/condition/ConditionalOnSingleCandidate.class#sha256:8b45a90d0f8ba2c6a50359518fb9502496b4f793b1d83c1890875781a8e38edc	Review exact declaration metadata and semantic role against source and framework version.	Annotation declaration census only; family hints do not establish semantics or application uses.
spring.mechanism.unclassified	ANNOTATION_SEMANTICS_NOT_ADJUDICATED	DEPENDENCY_ARTIFACT	ARTIFACT	sha256:1c4e0aadcb662b6149b536a2cf288003ffefe81a6cc69846e9f14976529a1b08!org/springframework/boot/autoconfigure/condition/ConditionalOnWarDeployment.class#sha256:bea867859493a444c76381cc36767fcbe266b1d01e41c29745567ad8dda0ce06	Review exact declaration metadata and semantic role against source and framework version.	Annotation declaration census only; family hints do not establish semantics or application uses.
spring.mechanism.unclassified	ANNOTATION_SEMANTICS_NOT_ADJUDICATED	DEPENDENCY_ARTIFACT	ARTIFACT	sha256:1c4e0aadcb662b6149b536a2cf288003ffefe81a6cc69846e9f14976529a1b08!org/springframework/boot/autoconfigure/condition/ConditionalOnWebApplication.class#sha256:ce5052f839fe568425a55872a67158ae315bbbbd3a714d1425338b7577b904a0	Review exact declaration metadata and semantic role against source and framework version.	Annotation declaration census only; family hints do not establish semantics or application uses.
spring.mechanism.unclassified	ANNOTATION_SEMANTICS_NOT_ADJUDICATED	DEPENDENCY_ARTIFACT	ARTIFACT	sha256:1c4e0aadcb662b6149b536a2cf288003ffefe81a6cc69846e9f14976529a1b08!org/springframework/boot/autoconfigure/data/ConditionalOnRepositoryType.class#sha256:ea703e13869fab70cf75fa1989311668a5014206282699e429eb47fd18d865a3	Review exact declaration metadata and semantic role against source and framework version.	Annotation declaration census only; family hints do not establish semantics or application uses.
spring.mechanism.unclassified	ANNOTATION_SEMANTICS_NOT_ADJUDICATED	DEPENDENCY_ARTIFACT	ARTIFACT	sha256:1c4e0aadcb662b6149b536a2cf288003ffefe81a6cc69846e9f14976529a1b08!org/springframework/boot/autoconfigure/domain/EntityScan.class#sha256:41b3edfb3cab730f9d5466329ac96293e09002f31eb3b3ef7765ffc199c7822d	Review exact declaration metadata and semantic role against source and framework version.	Annotation declaration census only; family hints do not establish semantics or application uses.
spring.mechanism.unclassified	ANNOTATION_SEMANTICS_NOT_ADJUDICATED	DEPENDENCY_ARTIFACT	ARTIFACT	sha256:1c4e0aadcb662b6149b536a2cf288003ffefe81a6cc69846e9f14976529a1b08!org/springframework/boot/autoconfigure/flyway/FlywayDataSource.class#sha256:fc0037caf857a22ae407c4b67eb214ba4795d2adf30f531ce8d5f2a3b1236ac0	Review exact declaration metadata and semantic role against source and framework version.	Annotation declaration census only; family hints do not establish semantics or application uses.
spring.mechanism.unclassified	ANNOTATION_SEMANTICS_NOT_ADJUDICATED	DEPENDENCY_ARTIFACT	ARTIFACT	sha256:1c4e0aadcb662b6149b536a2cf288003ffefe81a6cc69846e9f14976529a1b08!org/springframework/boot/autoconfigure/graphql/ConditionalOnGraphQlSchema.class#sha256:56eb3764c499bb5caabe7003b423b04b362d85512d74baf027064113b12aac43	Review exact declaration metadata and semantic role against source and framework version.	Annotation declaration census only; family hints do not establish semantics or application uses.
spring.mechanism.unclassified	ANNOTATION_SEMANTICS_NOT_ADJUDICATED	DEPENDENCY_ARTIFACT	ARTIFACT	sha256:1c4e0aadcb662b6149b536a2cf288003ffefe81a6cc69846e9f14976529a1b08!org/springframework/boot/autoconfigure/liquibase/LiquibaseDataSource.class#sha256:cfb22df7ca46fdb292efb7da3571fe60d34be8fb85f989e8cb764b0be5bde03e	Review exact declaration metadata and semantic role against source and framework version.	Annotation declaration census only; family hints do not establish semantics or application uses.
spring.mechanism.unclassified	ANNOTATION_SEMANTICS_NOT_ADJUDICATED	DEPENDENCY_ARTIFACT	ARTIFACT	sha256:1c4e0aadcb662b6149b536a2cf288003ffefe81a6cc69846e9f14976529a1b08!org/springframework/boot/autoconfigure/quartz/QuartzDataSource.class#sha256:253abca43ae99f41c65d02bfbeb7547d11b30b10ecd0fc667b73c3fda9295f92	Review exact declaration metadata and semantic role against source and framework version.	Annotation declaration census only; family hints do not establish semantics or application uses.
spring.mechanism.unclassified	ANNOTATION_SEMANTICS_NOT_ADJUDICATED	DEPENDENCY_ARTIFACT	ARTIFACT	sha256:1c4e0aadcb662b6149b536a2cf288003ffefe81a6cc69846e9f14976529a1b08!org/springframework/boot/autoconfigure/quartz/QuartzTransactionManager.class#sha256:2ca8e14ddfcc830a821396d06b0121b9c50627f827e796ccce9677dbf661a050	Review exact declaration metadata and semantic role against source and framework version.	Annotation declaration census only; family hints do not establish semantics or application uses.
spring.mechanism.unclassified	ANNOTATION_SEMANTICS_NOT_ADJUDICATED	DEPENDENCY_ARTIFACT	ARTIFACT	sha256:1c4e0aadcb662b6149b536a2cf288003ffefe81a6cc69846e9f14976529a1b08!org/springframework/boot/autoconfigure/security/ConditionalOnDefaultWebSecurity.class#sha256:995971fceb719ffba90ace1f06fced8deb18bdbda5c8dd40ad3ad3e46c911f05	Review exact declaration metadata and semantic role against source and framework version.	Annotation declaration census only; family hints do not establish semantics or application uses.
spring.mechanism.unclassified	ANNOTATION_SEMANTICS_NOT_ADJUDICATED	DEPENDENCY_ARTIFACT	ARTIFACT	sha256:1c4e0aadcb662b6149b536a2cf288003ffefe81a6cc69846e9f14976529a1b08!org/springframework/boot/autoconfigure/web/ConditionalOnEnabledResourceChain.class#sha256:fdd500fc59f3d3fab31a9637634e16fe4927efc9044ba059048d81da7b3986eb	Review exact declaration metadata and semantic role against source and framework version.	Annotation declaration census only; family hints do not establish semantics or application uses.
spring.mechanism.unclassified	ANNOTATION_SEMANTICS_NOT_ADJUDICATED	DEPENDENCY_ARTIFACT	ARTIFACT	sha256:1c4e0aadcb662b6149b536a2cf288003ffefe81a6cc69846e9f14976529a1b08!org/springframework/boot/autoconfigure/web/servlet/ConditionalOnMissingFilterBean.class#sha256:63f8a77ed4985e9a3f120bcb1a31e27149a879583569c0b22793f4ed26664c32	Review exact declaration metadata and semantic role against source and framework version.	Annotation declaration census only; family hints do not establish semantics or application uses.
spring.mechanism.unclassified	ANNOTATION_SEMANTICS_NOT_ADJUDICATED	DEPENDENCY_ARTIFACT	ARTIFACT	sha256:33adf77b49236f2966c9cec7eb5a1aea8ade81d7ada80c36d91bbf89d3298e15!org/springframework/beans/factory/annotation/Autowired.class#sha256:1cb9193689edabb2caa4edf455b13626dc1b091de96693ad2a7f372aa6e30473	Review exact declaration metadata and semantic role against source and framework version.	Annotation declaration census only; family hints do not establish semantics or application uses.
spring.mechanism.unclassified	ANNOTATION_SEMANTICS_NOT_ADJUDICATED	DEPENDENCY_ARTIFACT	ARTIFACT	sha256:33adf77b49236f2966c9cec7eb5a1aea8ade81d7ada80c36d91bbf89d3298e15!org/springframework/beans/factory/annotation/Configurable.class#sha256:799f346e81c60563846051bdeaf64b49e22fee10a1b06b2c65dd2919818bcf73	Review exact declaration metadata and semantic role against source and framework version.	Annotation declaration census only; family hints do not establish semantics or application uses.
spring.mechanism.unclassified	ANNOTATION_SEMANTICS_NOT_ADJUDICATED	DEPENDENCY_ARTIFACT	ARTIFACT	sha256:33adf77b49236f2966c9cec7eb5a1aea8ade81d7ada80c36d91bbf89d3298e15!org/springframework/beans/factory/annotation/Lookup.class#sha256:7e1100845fc66c288d15485d304f2c1cc0a781be3a56ad8b4d042bcbce27c36b	Review exact declaration metadata and semantic role against source and framework version.	Annotation declaration census only; family hints do not establish semantics or application uses.
spring.mechanism.unclassified	ANNOTATION_SEMANTICS_NOT_ADJUDICATED	DEPENDENCY_ARTIFACT	ARTIFACT	sha256:33adf77b49236f2966c9cec7eb5a1aea8ade81d7ada80c36d91bbf89d3298e15!org/springframework/beans/factory/annotation/Qualifier.class#sha256:cfeaaeabe2debff17a893539b71e09094760297e940c4000108f1acb14c5f9fd	Review exact declaration metadata and semantic role against source and framework version.	Annotation declaration census only; family hints do not establish semantics or application uses.
spring.mechanism.unclassified	ANNOTATION_SEMANTICS_NOT_ADJUDICATED	DEPENDENCY_ARTIFACT	ARTIFACT	sha256:33adf77b49236f2966c9cec7eb5a1aea8ade81d7ada80c36d91bbf89d3298e15!org/springframework/beans/factory/annotation/Value.class#sha256:dde4ef5f3574fbff0ac45e243f792a3b4fe0095a1cbafe37b63ec3c5e6c6e9a1	Review exact declaration metadata and semantic role against source and framework version.	Annotation declaration census only; family hints do not establish semantics or application uses.
spring.mechanism.unclassified	ANNOTATION_SEMANTICS_NOT_ADJUDICATED	DEPENDENCY_ARTIFACT	ARTIFACT	sha256:38def055d1e22b5514b1cb19cef4474e5c1b0d2127c483e7d014bde87c4a4cf3!org/springframework/cache/annotation/CacheConfig.class#sha256:49abc2717b2c68fe18fb8a9510a26a3e5d6ee2c341a35d41db3b0711bbc80cad	Review exact declaration metadata and semantic role against source and framework version.	Annotation declaration census only; family hints do not establish semantics or application uses.
spring.mechanism.unclassified	ANNOTATION_SEMANTICS_NOT_ADJUDICATED	DEPENDENCY_ARTIFACT	ARTIFACT	sha256:38def055d1e22b5514b1cb19cef4474e5c1b0d2127c483e7d014bde87c4a4cf3!org/springframework/cache/annotation/CacheEvict.class#sha256:0522b0a3fe073e369edf1862da732a1e9d55b4af9af57b67e95ec723a1ad3418	Review exact declaration metadata and semantic role against source and framework version.	Annotation declaration census only; family hints do not establish semantics or application uses.
spring.mechanism.unclassified	ANNOTATION_SEMANTICS_NOT_ADJUDICATED	DEPENDENCY_ARTIFACT	ARTIFACT	sha256:38def055d1e22b5514b1cb19cef4474e5c1b0d2127c483e7d014bde87c4a4cf3!org/springframework/cache/annotation/CachePut.class#sha256:59a7f21968d65fd91d96aa454358edba5c07922031417e938156f493c4372bc4	Review exact declaration metadata and semantic role against source and framework version.	Annotation declaration census only; family hints do not establish semantics or application uses.
spring.mechanism.unclassified	ANNOTATION_SEMANTICS_NOT_ADJUDICATED	DEPENDENCY_ARTIFACT	ARTIFACT	sha256:38def055d1e22b5514b1cb19cef4474e5c1b0d2127c483e7d014bde87c4a4cf3!org/springframework/cache/annotation/Cacheable.class#sha256:d6dd3097a880d2eba892c10267a7ee6dc5881124001c25d203b8f62f130d0c5b	Review exact declaration metadata and semantic role against source and framework version.	Annotation declaration census only; family hints do not establish semantics or application uses.
spring.mechanism.unclassified	ANNOTATION_SEMANTICS_NOT_ADJUDICATED	DEPENDENCY_ARTIFACT	ARTIFACT	sha256:38def055d1e22b5514b1cb19cef4474e5c1b0d2127c483e7d014bde87c4a4cf3!org/springframework/cache/annotation/Caching.class#sha256:99c1ee840e9a4e278b07de7d6dd7be6c79430471ef273aab47cad43015eb0787	Review exact declaration metadata and semantic role against source and framework version.	Annotation declaration census only; family hints do not establish semantics or application uses.
spring.mechanism.unclassified	ANNOTATION_SEMANTICS_NOT_ADJUDICATED	DEPENDENCY_ARTIFACT	ARTIFACT	sha256:38def055d1e22b5514b1cb19cef4474e5c1b0d2127c483e7d014bde87c4a4cf3!org/springframework/cache/annotation/EnableCaching.class#sha256:9d44250307ad8e261627e16b9729c03b34d3a4661b6401adaf3a3afb55901322	Review exact declaration metadata and semantic role against source and framework version.	Annotation declaration census only; family hints do not establish semantics or application uses.
spring.mechanism.unclassified	ANNOTATION_SEMANTICS_NOT_ADJUDICATED	DEPENDENCY_ARTIFACT	ARTIFACT	sha256:38def055d1e22b5514b1cb19cef4474e5c1b0d2127c483e7d014bde87c4a4cf3!org/springframework/context/annotation/Bean.class#sha256:0164e9b07be4c6cfdd554adf1915156b2138a4c1eb68295534b751ebf5ef8ae1	Review exact declaration metadata and semantic role against source and framework version.	Annotation declaration census only; family hints do not establish semantics or application uses.
spring.mechanism.unclassified	ANNOTATION_SEMANTICS_NOT_ADJUDICATED	DEPENDENCY_ARTIFACT	ARTIFACT	sha256:38def055d1e22b5514b1cb19cef4474e5c1b0d2127c483e7d014bde87c4a4cf3!org/springframework/context/annotation/ComponentScan$Filter.class#sha256:b311a2b80e15e286181efe5e12555975a6e62cb3c3def767a455b90457fdbf4d	Review exact declaration metadata and semantic role against source and framework version.	Annotation declaration census only; family hints do not establish semantics or application uses.
spring.mechanism.unclassified	ANNOTATION_SEMANTICS_NOT_ADJUDICATED	DEPENDENCY_ARTIFACT	ARTIFACT	sha256:38def055d1e22b5514b1cb19cef4474e5c1b0d2127c483e7d014bde87c4a4cf3!org/springframework/context/annotation/ComponentScan.class#sha256:dbc659b01e44e90e93e94193533c5b8b1d2af8bf44064beb0b1f9c9fa99cb9a0	Review exact declaration metadata and semantic role against source and framework version.	Annotation declaration census only; family hints do not establish semantics or application uses.
spring.mechanism.unclassified	ANNOTATION_SEMANTICS_NOT_ADJUDICATED	DEPENDENCY_ARTIFACT	ARTIFACT	sha256:38def055d1e22b5514b1cb19cef4474e5c1b0d2127c483e7d014bde87c4a4cf3!org/springframework/context/annotation/ComponentScans.class#sha256:f33e5adb735798b8723dc61585eb9e1c44cb077c9ae26ccc63dab975d4c8acb5	Review exact declaration metadata and semantic role against source and framework version.	Annotation declaration census only; family hints do not establish semantics or application uses.
spring.mechanism.unclassified	ANNOTATION_SEMANTICS_NOT_ADJUDICATED	DEPENDENCY_ARTIFACT	ARTIFACT	sha256:38def055d1e22b5514b1cb19cef4474e5c1b0d2127c483e7d014bde87c4a4cf3!org/springframework/context/annotation/Conditional.class#sha256:7dfed183e04549ef14ef68a099237e00915da9a3a6664c77a8a45e4a287f826a	Review exact declaration metadata and semantic role against source and framework version.	Annotation declaration census only; family hints do not establish semantics or application uses.
spring.mechanism.unclassified	ANNOTATION_SEMANTICS_NOT_ADJUDICATED	DEPENDENCY_ARTIFACT	ARTIFACT	sha256:38def055d1e22b5514b1cb19cef4474e5c1b0d2127c483e7d014bde87c4a4cf3!org/springframework/context/annotation/Configuration.class#sha256:85a23dbb48f65c4d2c9bf538fa8e371e7871eb8706a929c3618c2d70019f3959	Review exact declaration metadata and semantic role against source and framework version.	Annotation declaration census only; family hints do not establish semantics or application uses.
spring.mechanism.unclassified	ANNOTATION_SEMANTICS_NOT_ADJUDICATED	DEPENDENCY_ARTIFACT	ARTIFACT	sha256:38def055d1e22b5514b1cb19cef4474e5c1b0d2127c483e7d014bde87c4a4cf3!org/springframework/context/annotation/DependsOn.class#sha256:60f78cad60b1ccee7dfe748d94b94e18e7e36e9f2251cd8598eb6cf25a0f145d	Review exact declaration metadata and semantic role against source and framework version.	Annotation declaration census only; family hints do not establish semantics or application uses.
spring.mechanism.unclassified	ANNOTATION_SEMANTICS_NOT_ADJUDICATED	DEPENDENCY_ARTIFACT	ARTIFACT	sha256:38def055d1e22b5514b1cb19cef4474e5c1b0d2127c483e7d014bde87c4a4cf3!org/springframework/context/annotation/Description.class#sha256:1d1b376eb6094cf9c3c8fd5a2633a2b3e4e370eebf74ad749693b5a1c90e4ee6	Review exact declaration metadata and semantic role against source and framework version.	Annotation declaration census only; family hints do not establish semantics or application uses.
spring.mechanism.unclassified	ANNOTATION_SEMANTICS_NOT_ADJUDICATED	DEPENDENCY_ARTIFACT	ARTIFACT	sha256:38def055d1e22b5514b1cb19cef4474e5c1b0d2127c483e7d014bde87c4a4cf3!org/springframework/context/annotation/EnableAspectJAutoProxy.class#sha256:02060d26d01c370493268f2f3dd179732584dc41690c8ed814087fa2623519df	Review exact declaration metadata and semantic role against source and framework version.	Annotation declaration census only; family hints do not establish semantics or application uses.
spring.mechanism.unclassified	ANNOTATION_SEMANTICS_NOT_ADJUDICATED	DEPENDENCY_ARTIFACT	ARTIFACT	sha256:38def055d1e22b5514b1cb19cef4474e5c1b0d2127c483e7d014bde87c4a4cf3!org/springframework/context/annotation/EnableLoadTimeWeaving.class#sha256:068963b3d123f025bc07570b6f7c5ff4a14284c84b1292362806f7b5a601d5e2	Review exact declaration metadata and semantic role against source and framework version.	Annotation declaration census only; family hints do not establish semantics or application uses.
spring.mechanism.unclassified	ANNOTATION_SEMANTICS_NOT_ADJUDICATED	DEPENDENCY_ARTIFACT	ARTIFACT	sha256:38def055d1e22b5514b1cb19cef4474e5c1b0d2127c483e7d014bde87c4a4cf3!org/springframework/context/annotation/EnableMBeanExport.class#sha256:732044718050e4f2f281b58077886a001d575a30a87d32d9f61621811490df9c	Review exact declaration metadata and semantic role against source and framework version.	Annotation declaration census only; family hints do not establish semantics or application uses.
spring.mechanism.unclassified	ANNOTATION_SEMANTICS_NOT_ADJUDICATED	DEPENDENCY_ARTIFACT	ARTIFACT	sha256:38def055d1e22b5514b1cb19cef4474e5c1b0d2127c483e7d014bde87c4a4cf3!org/springframework/context/annotation/Import.class#sha256:d03e9f2e542bc188ae7cfddd689eadd902222f3c2ac4fd18ebe38d1d4f6f5c60	Review exact declaration metadata and semantic role against source and framework version.	Annotation declaration census only; family hints do not establish semantics or application uses.
spring.mechanism.unclassified	ANNOTATION_SEMANTICS_NOT_ADJUDICATED	DEPENDENCY_ARTIFACT	ARTIFACT	sha256:38def055d1e22b5514b1cb19cef4474e5c1b0d2127c483e7d014bde87c4a4cf3!org/springframework/context/annotation/ImportResource.class#sha256:2294972fb37cbdfe8d299ce12055ef0b4fc000223ca99619b984093ce8e2d5e3	Review exact declaration metadata and semantic role against source and framework version.	Annotation declaration census only; family hints do not establish semantics or application uses.
spring.mechanism.unclassified	ANNOTATION_SEMANTICS_NOT_ADJUDICATED	DEPENDENCY_ARTIFACT	ARTIFACT	sha256:38def055d1e22b5514b1cb19cef4474e5c1b0d2127c483e7d014bde87c4a4cf3!org/springframework/context/annotation/Lazy.class#sha256:f92b2aa3b424eea6d211f1a4ed0d32ad4e8fc42f31b8e0d7a47ef50ad6e55fdd	Review exact declaration metadata and semantic role against source and framework version.	Annotation declaration census only; family hints do not establish semantics or application uses.
spring.mechanism.unclassified	ANNOTATION_SEMANTICS_NOT_ADJUDICATED	DEPENDENCY_ARTIFACT	ARTIFACT	sha256:38def055d1e22b5514b1cb19cef4474e5c1b0d2127c483e7d014bde87c4a4cf3!org/springframework/context/annotation/Primary.class#sha256:15cd31b4990ec1b2ff474899ff814e324448a6c8468ae25b594d2aca472bbefe	Review exact declaration metadata and semantic role against source and framework version.	Annotation declaration census only; family hints do not establish semantics or application uses.
spring.mechanism.unclassified	ANNOTATION_SEMANTICS_NOT_ADJUDICATED	DEPENDENCY_ARTIFACT	ARTIFACT	sha256:38def055d1e22b5514b1cb19cef4474e5c1b0d2127c483e7d014bde87c4a4cf3!org/springframework/context/annotation/Profile.class#sha256:bd26fab8d900bed5c50be80773845fd0aa690646e81ca34d65addaf0cf3a80d5	Review exact declaration metadata and semantic role against source and framework version.	Annotation declaration census only; family hints do not establish semantics or application uses.
spring.mechanism.unclassified	ANNOTATION_SEMANTICS_NOT_ADJUDICATED	DEPENDENCY_ARTIFACT	ARTIFACT	sha256:38def055d1e22b5514b1cb19cef4474e5c1b0d2127c483e7d014bde87c4a4cf3!org/springframework/context/annotation/PropertySource.class#sha256:b68c48ddfac7bd551407cd598d446c76f0c40451ceb0eb278df56d6c39569625	Review exact declaration metadata and semantic role against source and framework version.	Annotation declaration census only; family hints do not establish semantics or application uses.
spring.mechanism.unclassified	ANNOTATION_SEMANTICS_NOT_ADJUDICATED	DEPENDENCY_ARTIFACT	ARTIFACT	sha256:38def055d1e22b5514b1cb19cef4474e5c1b0d2127c483e7d014bde87c4a4cf3!org/springframework/context/annotation/PropertySources.class#sha256:8d09eaf278244e3e968bba005d17a28d0a897394cd04135c345246365adb5560	Review exact declaration metadata and semantic role against source and framework version.	Annotation declaration census only; family hints do not establish semantics or application uses.
spring.mechanism.unclassified	ANNOTATION_SEMANTICS_NOT_ADJUDICATED	DEPENDENCY_ARTIFACT	ARTIFACT	sha256:38def055d1e22b5514b1cb19cef4474e5c1b0d2127c483e7d014bde87c4a4cf3!org/springframework/context/annotation/Role.class#sha256:d7ba66d9a323bd129abc50201069b6d9c709425e150ebd8c249e4d9803f3a8d0	Review exact declaration metadata and semantic role against source and framework version.	Annotation declaration census only; family hints do not establish semantics or application uses.
spring.mechanism.unclassified	ANNOTATION_SEMANTICS_NOT_ADJUDICATED	DEPENDENCY_ARTIFACT	ARTIFACT	sha256:38def055d1e22b5514b1cb19cef4474e5c1b0d2127c483e7d014bde87c4a4cf3!org/springframework/context/annotation/Scope.class#sha256:57f8a43e3954f23bca7fdc23d5209b20108c36150d9c8e5a62e550140a00af78	Review exact declaration metadata and semantic role against source and framework version.	Annotation declaration census only; family hints do not establish semantics or application uses.
spring.mechanism.unclassified	ANNOTATION_SEMANTICS_NOT_ADJUDICATED	DEPENDENCY_ARTIFACT	ARTIFACT	sha256:38def055d1e22b5514b1cb19cef4474e5c1b0d2127c483e7d014bde87c4a4cf3!org/springframework/context/event/EventListener.class#sha256:b13e1648fee9f83c1f961a8da213e6d6d0b8c72042390b134dcaba23cfebb2bd	Review exact declaration metadata and semantic role against source and framework version.	Annotation declaration census only; family hints do not establish semantics or application uses.
spring.mechanism.unclassified	ANNOTATION_SEMANTICS_NOT_ADJUDICATED	DEPENDENCY_ARTIFACT	ARTIFACT	sha256:38def055d1e22b5514b1cb19cef4474e5c1b0d2127c483e7d014bde87c4a4cf3!org/springframework/format/annotation/DateTimeFormat.class#sha256:a7b756500d0f58b5aaf49435f6f5a0655e162262bcf25d1123d21c79ce7ba03e	Review exact declaration metadata and semantic role against source and framework version.	Annotation declaration census only; family hints do not establish semantics or application uses.
spring.mechanism.unclassified	ANNOTATION_SEMANTICS_NOT_ADJUDICATED	DEPENDENCY_ARTIFACT	ARTIFACT	sha256:38def055d1e22b5514b1cb19cef4474e5c1b0d2127c483e7d014bde87c4a4cf3!org/springframework/format/annotation/NumberFormat.class#sha256:91608c43216b12d484f048dc1c206fb783c34840f1854b60797ec2bdb97f1258	Review exact declaration metadata and semantic role against source and framework version.	Annotation declaration census only; family hints do not establish semantics or application uses.
spring.mechanism.unclassified	ANNOTATION_SEMANTICS_NOT_ADJUDICATED	DEPENDENCY_ARTIFACT	ARTIFACT	sha256:38def055d1e22b5514b1cb19cef4474e5c1b0d2127c483e7d014bde87c4a4cf3!org/springframework/jmx/export/annotation/ManagedAttribute.class#sha256:1f50b939651504e8ae47e1ac73a85d3116aa83dc8d5872a283e8bc2e3b2a2f96	Review exact declaration metadata and semantic role against source and framework version.	Annotation declaration census only; family hints do not establish semantics or application uses.
spring.mechanism.unclassified	ANNOTATION_SEMANTICS_NOT_ADJUDICATED	DEPENDENCY_ARTIFACT	ARTIFACT	sha256:38def055d1e22b5514b1cb19cef4474e5c1b0d2127c483e7d014bde87c4a4cf3!org/springframework/jmx/export/annotation/ManagedMetric.class#sha256:38021da174ca398ac1934a35acaac31c6a147511ea0eeebabaac9542c86b1b3e	Review exact declaration metadata and semantic role against source and framework version.	Annotation declaration census only; family hints do not establish semantics or application uses.
spring.mechanism.unclassified	ANNOTATION_SEMANTICS_NOT_ADJUDICATED	DEPENDENCY_ARTIFACT	ARTIFACT	sha256:38def055d1e22b5514b1cb19cef4474e5c1b0d2127c483e7d014bde87c4a4cf3!org/springframework/jmx/export/annotation/ManagedNotification.class#sha256:e55456409b16e1256f04f69ceaba849e71eebb221de2edea04fd280957eaa17b	Review exact declaration metadata and semantic role against source and framework version.	Annotation declaration census only; family hints do not establish semantics or application uses.
spring.mechanism.unclassified	ANNOTATION_SEMANTICS_NOT_ADJUDICATED	DEPENDENCY_ARTIFACT	ARTIFACT	sha256:38def055d1e22b5514b1cb19cef4474e5c1b0d2127c483e7d014bde87c4a4cf3!org/springframework/jmx/export/annotation/ManagedNotifications.class#sha256:cc27a8d6a40577ace7d73fb1d5935ec91a7b9fb7d55360ca37c06a36b4e03092	Review exact declaration metadata and semantic role against source and framework version.	Annotation declaration census only; family hints do not establish semantics or application uses.
spring.mechanism.unclassified	ANNOTATION_SEMANTICS_NOT_ADJUDICATED	DEPENDENCY_ARTIFACT	ARTIFACT	sha256:38def055d1e22b5514b1cb19cef4474e5c1b0d2127c483e7d014bde87c4a4cf3!org/springframework/jmx/export/annotation/ManagedOperation.class#sha256:999b058e4690cd76e215b81ea690f56f63f3fe85d676b636a7e3b1dfa6f6b2ef	Review exact declaration metadata and semantic role against source and framework version.	Annotation declaration census only; family hints do not establish semantics or application uses.
spring.mechanism.unclassified	ANNOTATION_SEMANTICS_NOT_ADJUDICATED	DEPENDENCY_ARTIFACT	ARTIFACT	sha256:38def055d1e22b5514b1cb19cef4474e5c1b0d2127c483e7d014bde87c4a4cf3!org/springframework/jmx/export/annotation/ManagedOperationParameter.class#sha256:e03ceff3b93e18ed4fb5f431ed7b32f182aa0ee6d450f962688b77fdb545cae0	Review exact declaration metadata and semantic role against source and framework version.	Annotation declaration census only; family hints do not establish semantics or application uses.
spring.mechanism.unclassified	ANNOTATION_SEMANTICS_NOT_ADJUDICATED	DEPENDENCY_ARTIFACT	ARTIFACT	sha256:38def055d1e22b5514b1cb19cef4474e5c1b0d2127c483e7d014bde87c4a4cf3!org/springframework/jmx/export/annotation/ManagedOperationParameters.class#sha256:2f6f9cc4fa297aa4029bdcf63b8d067c4a10c1c99effa5fd8377a3853da0d83b	Review exact declaration metadata and semantic role against source and framework version.	Annotation declaration census only; family hints do not establish semantics or application uses.
spring.mechanism.unclassified	ANNOTATION_SEMANTICS_NOT_ADJUDICATED	DEPENDENCY_ARTIFACT	ARTIFACT	sha256:38def055d1e22b5514b1cb19cef4474e5c1b0d2127c483e7d014bde87c4a4cf3!org/springframework/jmx/export/annotation/ManagedResource.class#sha256:85fd7b98b65e7970f90c4e7910199abd478dd5fc53f9e9916c33040037a410fa	Review exact declaration metadata and semantic role against source and framework version.	Annotation declaration census only; family hints do not establish semantics or application uses.
spring.mechanism.unclassified	ANNOTATION_SEMANTICS_NOT_ADJUDICATED	DEPENDENCY_ARTIFACT	ARTIFACT	sha256:38def055d1e22b5514b1cb19cef4474e5c1b0d2127c483e7d014bde87c4a4cf3!org/springframework/scheduling/annotation/Async.class#sha256:e68ece279bd2c2c3f26fe7843d80913d9f78898716ff4bea2e45fd97163cbc28	Review exact declaration metadata and semantic role against source and framework version.	Annotation declaration census only; family hints do not establish semantics or application uses.
spring.mechanism.unclassified	ANNOTATION_SEMANTICS_NOT_ADJUDICATED	DEPENDENCY_ARTIFACT	ARTIFACT	sha256:38def055d1e22b5514b1cb19cef4474e5c1b0d2127c483e7d014bde87c4a4cf3!org/springframework/scheduling/annotation/EnableAsync.class#sha256:2299d465eba31296184e7c1509287d6c9f10121bc60c12cb6e83eeb5fafe2f69	Review exact declaration metadata and semantic role against source and framework version.	Annotation declaration census only; family hints do not establish semantics or application uses.
spring.mechanism.unclassified	ANNOTATION_SEMANTICS_NOT_ADJUDICATED	DEPENDENCY_ARTIFACT	ARTIFACT	sha256:38def055d1e22b5514b1cb19cef4474e5c1b0d2127c483e7d014bde87c4a4cf3!org/springframework/scheduling/annotation/EnableScheduling.class#sha256:f2bbfaa9868f2d29d36a753d5de059950a86b7d6e5dbe4882266bf4a524832a5	Review exact declaration metadata and semantic role against source and framework version.	Annotation declaration census only; family hints do not establish semantics or application uses.
spring.mechanism.unclassified	ANNOTATION_SEMANTICS_NOT_ADJUDICATED	DEPENDENCY_ARTIFACT	ARTIFACT	sha256:38def055d1e22b5514b1cb19cef4474e5c1b0d2127c483e7d014bde87c4a4cf3!org/springframework/scheduling/annotation/Scheduled.class#sha256:9d267edbf136095e0f1f3e10580130df6a418738b0f915df55f5e11b3e28b02a	Review exact declaration metadata and semantic role against source and framework version.	Annotation declaration census only; family hints do not establish semantics or application uses.
spring.mechanism.unclassified	ANNOTATION_SEMANTICS_NOT_ADJUDICATED	DEPENDENCY_ARTIFACT	ARTIFACT	sha256:38def055d1e22b5514b1cb19cef4474e5c1b0d2127c483e7d014bde87c4a4cf3!org/springframework/scheduling/annotation/Schedules.class#sha256:3ac9b02fd40716c9ce6b65e13facc018772afa8a15b4ecf3bb30cc9ebac4fedc	Review exact declaration metadata and semantic role against source and framework version.	Annotation declaration census only; family hints do not establish semantics or application uses.
spring.mechanism.unclassified	ANNOTATION_SEMANTICS_NOT_ADJUDICATED	DEPENDENCY_ARTIFACT	ARTIFACT	sha256:38def055d1e22b5514b1cb19cef4474e5c1b0d2127c483e7d014bde87c4a4cf3!org/springframework/stereotype/Component.class#sha256:a1ed3bf6f9823af33f45823e9c023d9739f5b09fa0852c67c6a6e9aa63ace037	Review exact declaration metadata and semantic role against source and framework version.	Annotation declaration census only; family hints do not establish semantics or application uses.
spring.mechanism.unclassified	ANNOTATION_SEMANTICS_NOT_ADJUDICATED	DEPENDENCY_ARTIFACT	ARTIFACT	sha256:38def055d1e22b5514b1cb19cef4474e5c1b0d2127c483e7d014bde87c4a4cf3!org/springframework/stereotype/Controller.class#sha256:f6bdb0cc923059add43d1a0d79af4fd75cfec9cd131dd5dec1cdeaceb57c593c	Review exact declaration metadata and semantic role against source and framework version.	Annotation declaration census only; family hints do not establish semantics or application uses.
spring.mechanism.unclassified	ANNOTATION_SEMANTICS_NOT_ADJUDICATED	DEPENDENCY_ARTIFACT	ARTIFACT	sha256:38def055d1e22b5514b1cb19cef4474e5c1b0d2127c483e7d014bde87c4a4cf3!org/springframework/stereotype/Indexed.class#sha256:912b46e4e3fca1b3981ce12b7fbcf151ed32295c9d28f8876336d7dd2779f328	Review exact declaration metadata and semantic role against source and framework version.	Annotation declaration census only; family hints do not establish semantics or application uses.
spring.mechanism.unclassified	ANNOTATION_SEMANTICS_NOT_ADJUDICATED	DEPENDENCY_ARTIFACT	ARTIFACT	sha256:38def055d1e22b5514b1cb19cef4474e5c1b0d2127c483e7d014bde87c4a4cf3!org/springframework/stereotype/Repository.class#sha256:8d5538ef792bc159416111c01b2b1669ef039dfd4c0255dba86504e16af67e68	Review exact declaration metadata and semantic role against source and framework version.	Annotation declaration census only; family hints do not establish semantics or application uses.
spring.mechanism.unclassified	ANNOTATION_SEMANTICS_NOT_ADJUDICATED	DEPENDENCY_ARTIFACT	ARTIFACT	sha256:38def055d1e22b5514b1cb19cef4474e5c1b0d2127c483e7d014bde87c4a4cf3!org/springframework/stereotype/Service.class#sha256:12dc22b135bd3997e25de7fcf54d0466582e82b4524f080c44bb1fed9f4c735a	Review exact declaration metadata and semantic role against source and framework version.	Annotation declaration census only; family hints do not establish semantics or application uses.
spring.mechanism.unclassified	ANNOTATION_SEMANTICS_NOT_ADJUDICATED	DEPENDENCY_ARTIFACT	ARTIFACT	sha256:38def055d1e22b5514b1cb19cef4474e5c1b0d2127c483e7d014bde87c4a4cf3!org/springframework/validation/annotation/Validated.class#sha256:6b0c4f54a70d5fead88e897711825dfc4b3eb8558afe782058dac6c968901277	Review exact declaration metadata and semantic role against source and framework version.	Annotation declaration census only; family hints do not establish semantics or application uses.
spring.mechanism.unclassified	ANNOTATION_SEMANTICS_NOT_ADJUDICATED	DEPENDENCY_ARTIFACT	ARTIFACT	sha256:3b82629da38717dd616a70ec1055f9a8e208d58132071a6314a32159f8bce162!org/springframework/aot/generate/Generated.class#sha256:59900dda22de2e511b95009bbdb72e93482ec53735068c7c984dbbcf5629a136	Review exact declaration metadata and semantic role against source and framework version.	Annotation declaration census only; family hints do not establish semantics or application uses.
spring.mechanism.unclassified	ANNOTATION_SEMANTICS_NOT_ADJUDICATED	DEPENDENCY_ARTIFACT	ARTIFACT	sha256:3b82629da38717dd616a70ec1055f9a8e208d58132071a6314a32159f8bce162!org/springframework/aot/hint/annotation/Reflective.class#sha256:1dfb5cf1e7d04a9d1cb3d162ee4b593d6ff40449107a0284b1fad8143d0fffba	Review exact declaration metadata and semantic role against source and framework version.	Annotation declaration census only; family hints do not establish semantics or application uses.
spring.mechanism.unclassified	ANNOTATION_SEMANTICS_NOT_ADJUDICATED	DEPENDENCY_ARTIFACT	ARTIFACT	sha256:3b82629da38717dd616a70ec1055f9a8e208d58132071a6314a32159f8bce162!org/springframework/aot/hint/annotation/RegisterReflection.class#sha256:9c51b39b81ed3b986694a2c7413aff6d410c1945798944c6dea99634fce01035	Review exact declaration metadata and semantic role against source and framework version.	Annotation declaration census only; family hints do not establish semantics or application uses.
spring.mechanism.unclassified	ANNOTATION_SEMANTICS_NOT_ADJUDICATED	DEPENDENCY_ARTIFACT	ARTIFACT	sha256:3b82629da38717dd616a70ec1055f9a8e208d58132071a6314a32159f8bce162!org/springframework/aot/hint/annotation/RegisterReflectionForBinding.class#sha256:c1345f60eb02495016c5baa671d82c6322db32f999a849bddf02773ecf5896f5	Review exact declaration metadata and semantic role against source and framework version.	Annotation declaration census only; family hints do not establish semantics or application uses.
spring.mechanism.unclassified	ANNOTATION_SEMANTICS_NOT_ADJUDICATED	DEPENDENCY_ARTIFACT	ARTIFACT	sha256:3b82629da38717dd616a70ec1055f9a8e208d58132071a6314a32159f8bce162!org/springframework/core/annotation/AliasFor.class#sha256:65c886d6e0275bf10a6a1d0abdfaa9b0a4f929cf75353a26f997d5d96fea0f30	Review exact declaration metadata and semantic role against source and framework version.	Annotation declaration census only; family hints do not establish semantics or application uses.
spring.mechanism.unclassified	ANNOTATION_SEMANTICS_NOT_ADJUDICATED	DEPENDENCY_ARTIFACT	ARTIFACT	sha256:3b82629da38717dd616a70ec1055f9a8e208d58132071a6314a32159f8bce162!org/springframework/core/annotation/Order.class#sha256:05de4c4b0823ba2cce693403315a2e0c45da1aad18bd68d07c7db6690f75fc2a	Review exact declaration metadata and semantic role against source and framework version.	Annotation declaration census only; family hints do not establish semantics or application uses.
spring.mechanism.unclassified	ANNOTATION_SEMANTICS_NOT_ADJUDICATED	DEPENDENCY_ARTIFACT	ARTIFACT	sha256:3b82629da38717dd616a70ec1055f9a8e208d58132071a6314a32159f8bce162!org/springframework/lang/CheckReturnValue.class#sha256:5ca2fbce2152c7f852b868efc248d40d0c2b9da2f078894a5057afc51b07ce9a	Review exact declaration metadata and semantic role against source and framework version.	Annotation declaration census only; family hints do not establish semantics or application uses.
spring.mechanism.unclassified	ANNOTATION_SEMANTICS_NOT_ADJUDICATED	DEPENDENCY_ARTIFACT	ARTIFACT	sha256:3b82629da38717dd616a70ec1055f9a8e208d58132071a6314a32159f8bce162!org/springframework/lang/Contract.class#sha256:93806e548f45a40b11719e884a124b9aa5731380a64bbdf3022315d5efdbb832	Review exact declaration metadata and semantic role against source and framework version.	Annotation declaration census only; family hints do not establish semantics or application uses.
spring.mechanism.unclassified	ANNOTATION_SEMANTICS_NOT_ADJUDICATED	DEPENDENCY_ARTIFACT	ARTIFACT	sha256:3b82629da38717dd616a70ec1055f9a8e208d58132071a6314a32159f8bce162!org/springframework/lang/NonNull.class#sha256:886990557b5f37e8d6cd8c888f385f30f9d9f75f6ea97d01856f7b771f2b2c27	Review exact declaration metadata and semantic role against source and framework version.	Annotation declaration census only; family hints do not establish semantics or application uses.
spring.mechanism.unclassified	ANNOTATION_SEMANTICS_NOT_ADJUDICATED	DEPENDENCY_ARTIFACT	ARTIFACT	sha256:3b82629da38717dd616a70ec1055f9a8e208d58132071a6314a32159f8bce162!org/springframework/lang/NonNullApi.class#sha256:81ed8bdb2b2384b1d291673c70cc73c107d63193bbc0b793443a1f007945cd16	Review exact declaration metadata and semantic role against source and framework version.	Annotation declaration census only; family hints do not establish semantics or application uses.
spring.mechanism.unclassified	ANNOTATION_SEMANTICS_NOT_ADJUDICATED	DEPENDENCY_ARTIFACT	ARTIFACT	sha256:3b82629da38717dd616a70ec1055f9a8e208d58132071a6314a32159f8bce162!org/springframework/lang/NonNullFields.class#sha256:1ad7b84716093dd7759ec2b5ea8576cd491246b2827a31bf3ec793f28be93af9	Review exact declaration metadata and semantic role against source and framework version.	Annotation declaration census only; family hints do not establish semantics or application uses.
spring.mechanism.unclassified	ANNOTATION_SEMANTICS_NOT_ADJUDICATED	DEPENDENCY_ARTIFACT	ARTIFACT	sha256:3b82629da38717dd616a70ec1055f9a8e208d58132071a6314a32159f8bce162!org/springframework/lang/Nullable.class#sha256:2db939599dbadab3c7da460227ab87bc1c9c7582d89998722f1eb09831ff4807	Review exact declaration metadata and semantic role against source and framework version.	Annotation declaration census only; family hints do not establish semantics or application uses.
spring.mechanism.unclassified	ANNOTATION_SEMANTICS_NOT_ADJUDICATED	DEPENDENCY_ARTIFACT	ARTIFACT	sha256:3b82629da38717dd616a70ec1055f9a8e208d58132071a6314a32159f8bce162!org/springframework/objenesis/instantiator/annotations/Instantiator.class#sha256:ce23ce5a0637bb30b8fb1fcf1ab46af06d88f2c4a3d6b26a93ee52c704b975be	Review exact declaration metadata and semantic role against source and framework version.	Annotation declaration census only; family hints do not establish semantics or application uses.
spring.mechanism.unclassified	ANNOTATION_SEMANTICS_NOT_ADJUDICATED	DEPENDENCY_ARTIFACT	ARTIFACT	sha256:4e9d0d98414d92cc1844f84b88d58a0c968fde51e7333be48dffe424bab77844!org/springframework/boot/autoconfigure/AutoConfiguration.class#sha256:6f428cd7cc9e08e347b39f1d58515c7554471f1f2434bae78d9e8c18d923fbb2	Review exact declaration metadata and semantic role against source and framework version.	Annotation declaration census only; family hints do not establish semantics or application uses.
spring.mechanism.unclassified	ANNOTATION_SEMANTICS_NOT_ADJUDICATED	DEPENDENCY_ARTIFACT	ARTIFACT	sha256:4e9d0d98414d92cc1844f84b88d58a0c968fde51e7333be48dffe424bab77844!org/springframework/boot/autoconfigure/AutoConfigurationPackage.class#sha256:fb19cf1d524e2f67dfb9b553d8d1a362db1b926e90fc262aeccaa2c95bfd35aa	Review exact declaration metadata and semantic role against source and framework version.	Annotation declaration census only; family hints do not establish semantics or application uses.
spring.mechanism.unclassified	ANNOTATION_SEMANTICS_NOT_ADJUDICATED	DEPENDENCY_ARTIFACT	ARTIFACT	sha256:4e9d0d98414d92cc1844f84b88d58a0c968fde51e7333be48dffe424bab77844!org/springframework/boot/autoconfigure/AutoConfigureAfter.class#sha256:b6a31db4aae32e2a0cf701b58c7078160b72b0c18e764fe9c7374366779acda3	Review exact declaration metadata and semantic role against source and framework version.	Annotation declaration census only; family hints do not establish semantics or application uses.
spring.mechanism.unclassified	ANNOTATION_SEMANTICS_NOT_ADJUDICATED	DEPENDENCY_ARTIFACT	ARTIFACT	sha256:4e9d0d98414d92cc1844f84b88d58a0c968fde51e7333be48dffe424bab77844!org/springframework/boot/autoconfigure/AutoConfigureBefore.class#sha256:3d5810f4cbaa82be4cf887faad697373bc26324d98fd2b513033d223469bb702	Review exact declaration metadata and semantic role against source and framework version.	Annotation declaration census only; family hints do not establish semantics or application uses.
spring.mechanism.unclassified	ANNOTATION_SEMANTICS_NOT_ADJUDICATED	DEPENDENCY_ARTIFACT	ARTIFACT	sha256:4e9d0d98414d92cc1844f84b88d58a0c968fde51e7333be48dffe424bab77844!org/springframework/boot/autoconfigure/AutoConfigureOrder.class#sha256:acde1d8df631369a9f0263040df16aee27bfa12a223172bf242a20e3f2532d89	Review exact declaration metadata and semantic role against source and framework version.	Annotation declaration census only; family hints do not establish semantics or application uses.
spring.mechanism.unclassified	ANNOTATION_SEMANTICS_NOT_ADJUDICATED	DEPENDENCY_ARTIFACT	ARTIFACT	sha256:4e9d0d98414d92cc1844f84b88d58a0c968fde51e7333be48dffe424bab77844!org/springframework/boot/autoconfigure/EnableAutoConfiguration.class#sha256:bf5012660e6c64e980d25f0eb5ca6b9777e450f095b2a802ac06d407039d7769	Review exact declaration metadata and semantic role against source and framework version.	Annotation declaration census only; family hints do not establish semantics or application uses.
spring.mechanism.unclassified	ANNOTATION_SEMANTICS_NOT_ADJUDICATED	DEPENDENCY_ARTIFACT	ARTIFACT	sha256:4e9d0d98414d92cc1844f84b88d58a0c968fde51e7333be48dffe424bab77844!org/springframework/boot/autoconfigure/ImportAutoConfiguration.class#sha256:46fe2b0d7f542dd2fb11266e2bcec09d728b6cdbaece78943b3cd6bce1b8a7dd	Review exact declaration metadata and semantic role against source and framework version.	Annotation declaration census only; family hints do not establish semantics or application uses.
spring.mechanism.unclassified	ANNOTATION_SEMANTICS_NOT_ADJUDICATED	DEPENDENCY_ARTIFACT	ARTIFACT	sha256:4e9d0d98414d92cc1844f84b88d58a0c968fde51e7333be48dffe424bab77844!org/springframework/boot/autoconfigure/SpringBootApplication.class#sha256:d6474ca80cb4f4f04d839410a486be8ee2c05e5379fb742d26d2fda3b186e805	Review exact declaration metadata and semantic role against source and framework version.	Annotation declaration census only; family hints do not establish semantics or application uses.
spring.mechanism.unclassified	ANNOTATION_SEMANTICS_NOT_ADJUDICATED	DEPENDENCY_ARTIFACT	ARTIFACT	sha256:4e9d0d98414d92cc1844f84b88d58a0c968fde51e7333be48dffe424bab77844!org/springframework/boot/autoconfigure/batch/BatchDataSource.class#sha256:193354f4d5af477edfeb838af59b9ea1deafe4cc7ecf3781d5c7ac270518af09	Review exact declaration metadata and semantic role against source and framework version.	Annotation declaration census only; family hints do not establish semantics or application uses.
spring.mechanism.unclassified	ANNOTATION_SEMANTICS_NOT_ADJUDICATED	DEPENDENCY_ARTIFACT	ARTIFACT	sha256:4e9d0d98414d92cc1844f84b88d58a0c968fde51e7333be48dffe424bab77844!org/springframework/boot/autoconfigure/batch/BatchTransactionManager.class#sha256:5b4951bf1761ba02460b16b07e994a47dcc848042c375d5c78114a7725f7e3f4	Review exact declaration metadata and semantic role against source and framework version.	Annotation declaration census only; family hints do not establish semantics or application uses.
spring.mechanism.unclassified	ANNOTATION_SEMANTICS_NOT_ADJUDICATED	DEPENDENCY_ARTIFACT	ARTIFACT	sha256:4e9d0d98414d92cc1844f84b88d58a0c968fde51e7333be48dffe424bab77844!org/springframework/boot/autoconfigure/condition/ConditionalOnBean.class#sha256:1c33feefe45cb82dbac463633ffe010dfc6dff837c49b5939f9bacfadb56c878	Review exact declaration metadata and semantic role against source and framework version.	Annotation declaration census only; family hints do not establish semantics or application uses.
spring.mechanism.unclassified	ANNOTATION_SEMANTICS_NOT_ADJUDICATED	DEPENDENCY_ARTIFACT	ARTIFACT	sha256:4e9d0d98414d92cc1844f84b88d58a0c968fde51e7333be48dffe424bab77844!org/springframework/boot/autoconfigure/condition/ConditionalOnCheckpointRestore.class#sha256:abcfd4af254250496b7e593a8fbc7cf8c4c789860e58457df380b67354186bb3	Review exact declaration metadata and semantic role against source and framework version.	Annotation declaration census only; family hints do not establish semantics or application uses.
spring.mechanism.unclassified	ANNOTATION_SEMANTICS_NOT_ADJUDICATED	DEPENDENCY_ARTIFACT	ARTIFACT	sha256:4e9d0d98414d92cc1844f84b88d58a0c968fde51e7333be48dffe424bab77844!org/springframework/boot/autoconfigure/condition/ConditionalOnClass.class#sha256:22a67d49d52dc22dcf9e4f5845a28aaa0ff7440f8d76f51fcdfca792a5e49abc	Review exact declaration metadata and semantic role against source and framework version.	Annotation declaration census only; family hints do not establish semantics or application uses.
spring.mechanism.unclassified	ANNOTATION_SEMANTICS_NOT_ADJUDICATED	DEPENDENCY_ARTIFACT	ARTIFACT	sha256:4e9d0d98414d92cc1844f84b88d58a0c968fde51e7333be48dffe424bab77844!org/springframework/boot/autoconfigure/condition/ConditionalOnCloudPlatform.class#sha256:c1a6bc06c97bc8021fc1ed5bca810d6396375493bbacb41110cbaed6b8b42209	Review exact declaration metadata and semantic role against source and framework version.	Annotation declaration census only; family hints do not establish semantics or application uses.
spring.mechanism.unclassified	ANNOTATION_SEMANTICS_NOT_ADJUDICATED	DEPENDENCY_ARTIFACT	ARTIFACT	sha256:4e9d0d98414d92cc1844f84b88d58a0c968fde51e7333be48dffe424bab77844!org/springframework/boot/autoconfigure/condition/ConditionalOnExpression.class#sha256:07a4b95ce0bafe614ce518a661d952d3f27cd40dfa49b7de33ba3799c776f0f0	Review exact declaration metadata and semantic role against source and framework version.	Annotation declaration census only; family hints do not establish semantics or application uses.
spring.mechanism.unclassified	ANNOTATION_SEMANTICS_NOT_ADJUDICATED	DEPENDENCY_ARTIFACT	ARTIFACT	sha256:4e9d0d98414d92cc1844f84b88d58a0c968fde51e7333be48dffe424bab77844!org/springframework/boot/autoconfigure/condition/ConditionalOnJava.class#sha256:8046b12b175e2292db223320c993efe07e5ae3c4dd02f4961172a0eacbac53d8	Review exact declaration metadata and semantic role against source and framework version.	Annotation declaration census only; family hints do not establish semantics or application uses.
spring.mechanism.unclassified	ANNOTATION_SEMANTICS_NOT_ADJUDICATED	DEPENDENCY_ARTIFACT	ARTIFACT	sha256:4e9d0d98414d92cc1844f84b88d58a0c968fde51e7333be48dffe424bab77844!org/springframework/boot/autoconfigure/condition/ConditionalOnJndi.class#sha256:30e1625a184715a3212f02cb16427b58aa349c9143a405a3ff133c5614db9123	Review exact declaration metadata and semantic role against source and framework version.	Annotation declaration census only; family hints do not establish semantics or application uses.
spring.mechanism.unclassified	ANNOTATION_SEMANTICS_NOT_ADJUDICATED	DEPENDENCY_ARTIFACT	ARTIFACT	sha256:4e9d0d98414d92cc1844f84b88d58a0c968fde51e7333be48dffe424bab77844!org/springframework/boot/autoconfigure/condition/ConditionalOnMissingBean.class#sha256:694195145df25631c36d603298b1f26e38e66e63baac1668ad35da8d0c44361f	Review exact declaration metadata and semantic role against source and framework version.	Annotation declaration census only; family hints do not establish semantics or application uses.
spring.mechanism.unclassified	ANNOTATION_SEMANTICS_NOT_ADJUDICATED	DEPENDENCY_ARTIFACT	ARTIFACT	sha256:4e9d0d98414d92cc1844f84b88d58a0c968fde51e7333be48dffe424bab77844!org/springframework/boot/autoconfigure/condition/ConditionalOnMissingClass.class#sha256:8d50dd760f167850254f4736e0cdcd6028d41cce2d63bbaa8753147b6936f827	Review exact declaration metadata and semantic role against source and framework version.	Annotation declaration census only; family hints do not establish semantics or application uses.
spring.mechanism.unclassified	ANNOTATION_SEMANTICS_NOT_ADJUDICATED	DEPENDENCY_ARTIFACT	ARTIFACT	sha256:4e9d0d98414d92cc1844f84b88d58a0c968fde51e7333be48dffe424bab77844!org/springframework/boot/autoconfigure/condition/ConditionalOnNotWarDeployment.class#sha256:8c2fc4e961762313b6ce8fe6d97c4366aef9b53c79503af0e8c730412892f01f	Review exact declaration metadata and semantic role against source and framework version.	Annotation declaration census only; family hints do not establish semantics or application uses.
spring.mechanism.unclassified	ANNOTATION_SEMANTICS_NOT_ADJUDICATED	DEPENDENCY_ARTIFACT	ARTIFACT	sha256:4e9d0d98414d92cc1844f84b88d58a0c968fde51e7333be48dffe424bab77844!org/springframework/boot/autoconfigure/condition/ConditionalOnNotWebApplication.class#sha256:6708393bec58841ed51c80b92ec51d2c855137253aa0c7d007c808636309ee77	Review exact declaration metadata and semantic role against source and framework version.	Annotation declaration census only; family hints do not establish semantics or application uses.
spring.mechanism.unclassified	ANNOTATION_SEMANTICS_NOT_ADJUDICATED	DEPENDENCY_ARTIFACT	ARTIFACT	sha256:4e9d0d98414d92cc1844f84b88d58a0c968fde51e7333be48dffe424bab77844!org/springframework/boot/autoconfigure/condition/ConditionalOnProperty.class#sha256:d549294254680c8598b78c821ebebf0df312b12edad4adc2575bae7602202c21	Review exact declaration metadata and semantic role against source and framework version.	Annotation declaration census only; family hints do not establish semantics or application uses.
spring.mechanism.unclassified	ANNOTATION_SEMANTICS_NOT_ADJUDICATED	DEPENDENCY_ARTIFACT	ARTIFACT	sha256:4e9d0d98414d92cc1844f84b88d58a0c968fde51e7333be48dffe424bab77844!org/springframework/boot/autoconfigure/condition/ConditionalOnResource.class#sha256:bf74cb6257eb8e665a34f6d55c8f10c72e7e8d3bd324f9ff4c11759b63cc5b57	Review exact declaration metadata and semantic role against source and framework version.	Annotation declaration census only; family hints do not establish semantics or application uses.
spring.mechanism.unclassified	ANNOTATION_SEMANTICS_NOT_ADJUDICATED	DEPENDENCY_ARTIFACT	ARTIFACT	sha256:4e9d0d98414d92cc1844f84b88d58a0c968fde51e7333be48dffe424bab77844!org/springframework/boot/autoconfigure/condition/ConditionalOnSingleCandidate.class#sha256:efa052faa6ce179c0d2465acd85fd4d6ed3dd6150733cd6deeb58065ec4dab9d	Review exact declaration metadata and semantic role against source and framework version.	Annotation declaration census only; family hints do not establish semantics or application uses.
spring.mechanism.unclassified	ANNOTATION_SEMANTICS_NOT_ADJUDICATED	DEPENDENCY_ARTIFACT	ARTIFACT	sha256:4e9d0d98414d92cc1844f84b88d58a0c968fde51e7333be48dffe424bab77844!org/springframework/boot/autoconfigure/condition/ConditionalOnThreading.class#sha256:2315729fecee9a7327a2d9c1bb6cb9cbf142fc4b257e13a674a3aac38e4622d7	Review exact declaration metadata and semantic role against source and framework version.	Annotation declaration census only; family hints do not establish semantics or application uses.
spring.mechanism.unclassified	ANNOTATION_SEMANTICS_NOT_ADJUDICATED	DEPENDENCY_ARTIFACT	ARTIFACT	sha256:4e9d0d98414d92cc1844f84b88d58a0c968fde51e7333be48dffe424bab77844!org/springframework/boot/autoconfigure/condition/ConditionalOnWarDeployment.class#sha256:68f64c80aea43444f62d08a2a5aa59bf3ded08d22d3521b3cac9d1707ad42418	Review exact declaration metadata and semantic role against source and framework version.	Annotation declaration census only; family hints do not establish semantics or application uses.
spring.mechanism.unclassified	ANNOTATION_SEMANTICS_NOT_ADJUDICATED	DEPENDENCY_ARTIFACT	ARTIFACT	sha256:4e9d0d98414d92cc1844f84b88d58a0c968fde51e7333be48dffe424bab77844!org/springframework/boot/autoconfigure/condition/ConditionalOnWebApplication.class#sha256:6ca599e7c9f09365d8772332d973969bcc39678aeebacb5d539368c1f2e6a057	Review exact declaration metadata and semantic role against source and framework version.	Annotation declaration census only; family hints do not establish semantics or application uses.
spring.mechanism.unclassified	ANNOTATION_SEMANTICS_NOT_ADJUDICATED	DEPENDENCY_ARTIFACT	ARTIFACT	sha256:4e9d0d98414d92cc1844f84b88d58a0c968fde51e7333be48dffe424bab77844!org/springframework/boot/autoconfigure/data/ConditionalOnRepositoryType.class#sha256:aa6660942eae05563df0a2e2227eb8b8da4008855617744359a4c107fa691e51	Review exact declaration metadata and semantic role against source and framework version.	Annotation declaration census only; family hints do not establish semantics or application uses.
spring.mechanism.unclassified	ANNOTATION_SEMANTICS_NOT_ADJUDICATED	DEPENDENCY_ARTIFACT	ARTIFACT	sha256:4e9d0d98414d92cc1844f84b88d58a0c968fde51e7333be48dffe424bab77844!org/springframework/boot/autoconfigure/domain/EntityScan.class#sha256:dc41e5efba07b8491631511a07000b4772fb5db62e5f9b4882aa9e89d7a0137e	Review exact declaration metadata and semantic role against source and framework version.	Annotation declaration census only; family hints do not establish semantics or application uses.
spring.mechanism.unclassified	ANNOTATION_SEMANTICS_NOT_ADJUDICATED	DEPENDENCY_ARTIFACT	ARTIFACT	sha256:4e9d0d98414d92cc1844f84b88d58a0c968fde51e7333be48dffe424bab77844!org/springframework/boot/autoconfigure/flyway/FlywayDataSource.class#sha256:79472d72ab8c13af0b9704b077c0950d7a30ebce9319fc6027a83f4727e7e56d	Review exact declaration metadata and semantic role against source and framework version.	Annotation declaration census only; family hints do not establish semantics or application uses.
spring.mechanism.unclassified	ANNOTATION_SEMANTICS_NOT_ADJUDICATED	DEPENDENCY_ARTIFACT	ARTIFACT	sha256:4e9d0d98414d92cc1844f84b88d58a0c968fde51e7333be48dffe424bab77844!org/springframework/boot/autoconfigure/graphql/ConditionalOnGraphQlSchema.class#sha256:54b5ef8de7e260220c4bf1094acdc2995804d26a0666ec230aadf0dbba60d159	Review exact declaration metadata and semantic role against source and framework version.	Annotation declaration census only; family hints do not establish semantics or application uses.
spring.mechanism.unclassified	ANNOTATION_SEMANTICS_NOT_ADJUDICATED	DEPENDENCY_ARTIFACT	ARTIFACT	sha256:4e9d0d98414d92cc1844f84b88d58a0c968fde51e7333be48dffe424bab77844!org/springframework/boot/autoconfigure/liquibase/LiquibaseDataSource.class#sha256:9b255cb125c4aa85f84a2191441f20fcdf8b665c56c33ba985f935affb392502	Review exact declaration metadata and semantic role against source and framework version.	Annotation declaration census only; family hints do not establish semantics or application uses.
spring.mechanism.unclassified	ANNOTATION_SEMANTICS_NOT_ADJUDICATED	DEPENDENCY_ARTIFACT	ARTIFACT	sha256:4e9d0d98414d92cc1844f84b88d58a0c968fde51e7333be48dffe424bab77844!org/springframework/boot/autoconfigure/quartz/QuartzDataSource.class#sha256:c9575ad46eb65229e8db34497ab5a051f9866a0753ab7b03e5bc401647a25bd7	Review exact declaration metadata and semantic role against source and framework version.	Annotation declaration census only; family hints do not establish semantics or application uses.
spring.mechanism.unclassified	ANNOTATION_SEMANTICS_NOT_ADJUDICATED	DEPENDENCY_ARTIFACT	ARTIFACT	sha256:4e9d0d98414d92cc1844f84b88d58a0c968fde51e7333be48dffe424bab77844!org/springframework/boot/autoconfigure/quartz/QuartzTransactionManager.class#sha256:edff11cb0a5fd3b9698a46cbdef193d0fda545609ac67fc8372b00e64361ed23	Review exact declaration metadata and semantic role against source and framework version.	Annotation declaration census only; family hints do not establish semantics or application uses.
spring.mechanism.unclassified	ANNOTATION_SEMANTICS_NOT_ADJUDICATED	DEPENDENCY_ARTIFACT	ARTIFACT	sha256:4e9d0d98414d92cc1844f84b88d58a0c968fde51e7333be48dffe424bab77844!org/springframework/boot/autoconfigure/security/ConditionalOnDefaultWebSecurity.class#sha256:dfd8d66ab2c19dc8ce8cc0cee113fc598419b25d242d947cf91d2072c0b95a28	Review exact declaration metadata and semantic role against source and framework version.	Annotation declaration census only; family hints do not establish semantics or application uses.
spring.mechanism.unclassified	ANNOTATION_SEMANTICS_NOT_ADJUDICATED	DEPENDENCY_ARTIFACT	ARTIFACT	sha256:4e9d0d98414d92cc1844f84b88d58a0c968fde51e7333be48dffe424bab77844!org/springframework/boot/autoconfigure/web/ConditionalOnEnabledResourceChain.class#sha256:0c17cb88cb6500a795b839fcf2e909366a8d1bb4588616b864dcf50336bfd3e9	Review exact declaration metadata and semantic role against source and framework version.	Annotation declaration census only; family hints do not establish semantics or application uses.
spring.mechanism.unclassified	ANNOTATION_SEMANTICS_NOT_ADJUDICATED	DEPENDENCY_ARTIFACT	ARTIFACT	sha256:4e9d0d98414d92cc1844f84b88d58a0c968fde51e7333be48dffe424bab77844!org/springframework/boot/autoconfigure/web/servlet/ConditionalOnMissingFilterBean.class#sha256:c87bd8638909a1a00d70a3a56f4d0313318f3a7e3e3b1096fc2b6c92a258b31d	Review exact declaration metadata and semantic role against source and framework version.	Annotation declaration census only; family hints do not establish semantics or application uses.
spring.mechanism.unclassified	ANNOTATION_SEMANTICS_NOT_ADJUDICATED	DEPENDENCY_ARTIFACT	ARTIFACT	sha256:525aa88505399c6ccfddfe295b313d55a259ed5e8d5890a3568485c074f98414!org/springframework/boot/autoconfigure/AutoConfiguration.class#sha256:6f428cd7cc9e08e347b39f1d58515c7554471f1f2434bae78d9e8c18d923fbb2	Review exact declaration metadata and semantic role against source and framework version.	Annotation declaration census only; family hints do not establish semantics or application uses.
spring.mechanism.unclassified	ANNOTATION_SEMANTICS_NOT_ADJUDICATED	DEPENDENCY_ARTIFACT	ARTIFACT	sha256:525aa88505399c6ccfddfe295b313d55a259ed5e8d5890a3568485c074f98414!org/springframework/boot/autoconfigure/AutoConfigurationPackage.class#sha256:fb19cf1d524e2f67dfb9b553d8d1a362db1b926e90fc262aeccaa2c95bfd35aa	Review exact declaration metadata and semantic role against source and framework version.	Annotation declaration census only; family hints do not establish semantics or application uses.
spring.mechanism.unclassified	ANNOTATION_SEMANTICS_NOT_ADJUDICATED	DEPENDENCY_ARTIFACT	ARTIFACT	sha256:525aa88505399c6ccfddfe295b313d55a259ed5e8d5890a3568485c074f98414!org/springframework/boot/autoconfigure/AutoConfigureAfter.class#sha256:b6a31db4aae32e2a0cf701b58c7078160b72b0c18e764fe9c7374366779acda3	Review exact declaration metadata and semantic role against source and framework version.	Annotation declaration census only; family hints do not establish semantics or application uses.
spring.mechanism.unclassified	ANNOTATION_SEMANTICS_NOT_ADJUDICATED	DEPENDENCY_ARTIFACT	ARTIFACT	sha256:525aa88505399c6ccfddfe295b313d55a259ed5e8d5890a3568485c074f98414!org/springframework/boot/autoconfigure/AutoConfigureBefore.class#sha256:3d5810f4cbaa82be4cf887faad697373bc26324d98fd2b513033d223469bb702	Review exact declaration metadata and semantic role against source and framework version.	Annotation declaration census only; family hints do not establish semantics or application uses.
spring.mechanism.unclassified	ANNOTATION_SEMANTICS_NOT_ADJUDICATED	DEPENDENCY_ARTIFACT	ARTIFACT	sha256:525aa88505399c6ccfddfe295b313d55a259ed5e8d5890a3568485c074f98414!org/springframework/boot/autoconfigure/AutoConfigureOrder.class#sha256:acde1d8df631369a9f0263040df16aee27bfa12a223172bf242a20e3f2532d89	Review exact declaration metadata and semantic role against source and framework version.	Annotation declaration census only; family hints do not establish semantics or application uses.
spring.mechanism.unclassified	ANNOTATION_SEMANTICS_NOT_ADJUDICATED	DEPENDENCY_ARTIFACT	ARTIFACT	sha256:525aa88505399c6ccfddfe295b313d55a259ed5e8d5890a3568485c074f98414!org/springframework/boot/autoconfigure/EnableAutoConfiguration.class#sha256:bf5012660e6c64e980d25f0eb5ca6b9777e450f095b2a802ac06d407039d7769	Review exact declaration metadata and semantic role against source and framework version.	Annotation declaration census only; family hints do not establish semantics or application uses.
spring.mechanism.unclassified	ANNOTATION_SEMANTICS_NOT_ADJUDICATED	DEPENDENCY_ARTIFACT	ARTIFACT	sha256:525aa88505399c6ccfddfe295b313d55a259ed5e8d5890a3568485c074f98414!org/springframework/boot/autoconfigure/ImportAutoConfiguration.class#sha256:46fe2b0d7f542dd2fb11266e2bcec09d728b6cdbaece78943b3cd6bce1b8a7dd	Review exact declaration metadata and semantic role against source and framework version.	Annotation declaration census only; family hints do not establish semantics or application uses.
spring.mechanism.unclassified	ANNOTATION_SEMANTICS_NOT_ADJUDICATED	DEPENDENCY_ARTIFACT	ARTIFACT	sha256:525aa88505399c6ccfddfe295b313d55a259ed5e8d5890a3568485c074f98414!org/springframework/boot/autoconfigure/SpringBootApplication.class#sha256:d6474ca80cb4f4f04d839410a486be8ee2c05e5379fb742d26d2fda3b186e805	Review exact declaration metadata and semantic role against source and framework version.	Annotation declaration census only; family hints do not establish semantics or application uses.
spring.mechanism.unclassified	ANNOTATION_SEMANTICS_NOT_ADJUDICATED	DEPENDENCY_ARTIFACT	ARTIFACT	sha256:525aa88505399c6ccfddfe295b313d55a259ed5e8d5890a3568485c074f98414!org/springframework/boot/autoconfigure/batch/BatchDataSource.class#sha256:193354f4d5af477edfeb838af59b9ea1deafe4cc7ecf3781d5c7ac270518af09	Review exact declaration metadata and semantic role against source and framework version.	Annotation declaration census only; family hints do not establish semantics or application uses.
spring.mechanism.unclassified	ANNOTATION_SEMANTICS_NOT_ADJUDICATED	DEPENDENCY_ARTIFACT	ARTIFACT	sha256:525aa88505399c6ccfddfe295b313d55a259ed5e8d5890a3568485c074f98414!org/springframework/boot/autoconfigure/batch/BatchTaskExecutor.class#sha256:4346b0ddcb0d9466a38c93ae66a9e66b2f3167a1b1e21892b53dea9c4ec065db	Review exact declaration metadata and semantic role against source and framework version.	Annotation declaration census only; family hints do not establish semantics or application uses.
spring.mechanism.unclassified	ANNOTATION_SEMANTICS_NOT_ADJUDICATED	DEPENDENCY_ARTIFACT	ARTIFACT	sha256:525aa88505399c6ccfddfe295b313d55a259ed5e8d5890a3568485c074f98414!org/springframework/boot/autoconfigure/batch/BatchTransactionManager.class#sha256:5b4951bf1761ba02460b16b07e994a47dcc848042c375d5c78114a7725f7e3f4	Review exact declaration metadata and semantic role against source and framework version.	Annotation declaration census only; family hints do not establish semantics or application uses.
spring.mechanism.unclassified	ANNOTATION_SEMANTICS_NOT_ADJUDICATED	DEPENDENCY_ARTIFACT	ARTIFACT	sha256:525aa88505399c6ccfddfe295b313d55a259ed5e8d5890a3568485c074f98414!org/springframework/boot/autoconfigure/condition/ConditionalOnBean.class#sha256:1c33feefe45cb82dbac463633ffe010dfc6dff837c49b5939f9bacfadb56c878	Review exact declaration metadata and semantic role against source and framework version.	Annotation declaration census only; family hints do not establish semantics or application uses.
spring.mechanism.unclassified	ANNOTATION_SEMANTICS_NOT_ADJUDICATED	DEPENDENCY_ARTIFACT	ARTIFACT	sha256:525aa88505399c6ccfddfe295b313d55a259ed5e8d5890a3568485c074f98414!org/springframework/boot/autoconfigure/condition/ConditionalOnCheckpointRestore.class#sha256:abcfd4af254250496b7e593a8fbc7cf8c4c789860e58457df380b67354186bb3	Review exact declaration metadata and semantic role against source and framework version.	Annotation declaration census only; family hints do not establish semantics or application uses.
spring.mechanism.unclassified	ANNOTATION_SEMANTICS_NOT_ADJUDICATED	DEPENDENCY_ARTIFACT	ARTIFACT	sha256:525aa88505399c6ccfddfe295b313d55a259ed5e8d5890a3568485c074f98414!org/springframework/boot/autoconfigure/condition/ConditionalOnClass.class#sha256:22a67d49d52dc22dcf9e4f5845a28aaa0ff7440f8d76f51fcdfca792a5e49abc	Review exact declaration metadata and semantic role against source and framework version.	Annotation declaration census only; family hints do not establish semantics or application uses.
spring.mechanism.unclassified	ANNOTATION_SEMANTICS_NOT_ADJUDICATED	DEPENDENCY_ARTIFACT	ARTIFACT	sha256:525aa88505399c6ccfddfe295b313d55a259ed5e8d5890a3568485c074f98414!org/springframework/boot/autoconfigure/condition/ConditionalOnCloudPlatform.class#sha256:c1a6bc06c97bc8021fc1ed5bca810d6396375493bbacb41110cbaed6b8b42209	Review exact declaration metadata and semantic role against source and framework version.	Annotation declaration census only; family hints do not establish semantics or application uses.
spring.mechanism.unclassified	ANNOTATION_SEMANTICS_NOT_ADJUDICATED	DEPENDENCY_ARTIFACT	ARTIFACT	sha256:525aa88505399c6ccfddfe295b313d55a259ed5e8d5890a3568485c074f98414!org/springframework/boot/autoconfigure/condition/ConditionalOnExpression.class#sha256:07a4b95ce0bafe614ce518a661d952d3f27cd40dfa49b7de33ba3799c776f0f0	Review exact declaration metadata and semantic role against source and framework version.	Annotation declaration census only; family hints do not establish semantics or application uses.
spring.mechanism.unclassified	ANNOTATION_SEMANTICS_NOT_ADJUDICATED	DEPENDENCY_ARTIFACT	ARTIFACT	sha256:525aa88505399c6ccfddfe295b313d55a259ed5e8d5890a3568485c074f98414!org/springframework/boot/autoconfigure/condition/ConditionalOnJava.class#sha256:8046b12b175e2292db223320c993efe07e5ae3c4dd02f4961172a0eacbac53d8	Review exact declaration metadata and semantic role against source and framework version.	Annotation declaration census only; family hints do not establish semantics or application uses.
spring.mechanism.unclassified	ANNOTATION_SEMANTICS_NOT_ADJUDICATED	DEPENDENCY_ARTIFACT	ARTIFACT	sha256:525aa88505399c6ccfddfe295b313d55a259ed5e8d5890a3568485c074f98414!org/springframework/boot/autoconfigure/condition/ConditionalOnJndi.class#sha256:30e1625a184715a3212f02cb16427b58aa349c9143a405a3ff133c5614db9123	Review exact declaration metadata and semantic role against source and framework version.	Annotation declaration census only; family hints do not establish semantics or application uses.
spring.mechanism.unclassified	ANNOTATION_SEMANTICS_NOT_ADJUDICATED	DEPENDENCY_ARTIFACT	ARTIFACT	sha256:525aa88505399c6ccfddfe295b313d55a259ed5e8d5890a3568485c074f98414!org/springframework/boot/autoconfigure/condition/ConditionalOnMissingBean.class#sha256:694195145df25631c36d603298b1f26e38e66e63baac1668ad35da8d0c44361f	Review exact declaration metadata and semantic role against source and framework version.	Annotation declaration census only; family hints do not establish semantics or application uses.
spring.mechanism.unclassified	ANNOTATION_SEMANTICS_NOT_ADJUDICATED	DEPENDENCY_ARTIFACT	ARTIFACT	sha256:525aa88505399c6ccfddfe295b313d55a259ed5e8d5890a3568485c074f98414!org/springframework/boot/autoconfigure/condition/ConditionalOnMissingClass.class#sha256:8d50dd760f167850254f4736e0cdcd6028d41cce2d63bbaa8753147b6936f827	Review exact declaration metadata and semantic role against source and framework version.	Annotation declaration census only; family hints do not establish semantics or application uses.
spring.mechanism.unclassified	ANNOTATION_SEMANTICS_NOT_ADJUDICATED	DEPENDENCY_ARTIFACT	ARTIFACT	sha256:525aa88505399c6ccfddfe295b313d55a259ed5e8d5890a3568485c074f98414!org/springframework/boot/autoconfigure/condition/ConditionalOnNotWarDeployment.class#sha256:8c2fc4e961762313b6ce8fe6d97c4366aef9b53c79503af0e8c730412892f01f	Review exact declaration metadata and semantic role against source and framework version.	Annotation declaration census only; family hints do not establish semantics or application uses.
spring.mechanism.unclassified	ANNOTATION_SEMANTICS_NOT_ADJUDICATED	DEPENDENCY_ARTIFACT	ARTIFACT	sha256:525aa88505399c6ccfddfe295b313d55a259ed5e8d5890a3568485c074f98414!org/springframework/boot/autoconfigure/condition/ConditionalOnNotWebApplication.class#sha256:6708393bec58841ed51c80b92ec51d2c855137253aa0c7d007c808636309ee77	Review exact declaration metadata and semantic role against source and framework version.	Annotation declaration census only; family hints do not establish semantics or application uses.
spring.mechanism.unclassified	ANNOTATION_SEMANTICS_NOT_ADJUDICATED	DEPENDENCY_ARTIFACT	ARTIFACT	sha256:525aa88505399c6ccfddfe295b313d55a259ed5e8d5890a3568485c074f98414!org/springframework/boot/autoconfigure/condition/ConditionalOnProperty.class#sha256:d549294254680c8598b78c821ebebf0df312b12edad4adc2575bae7602202c21	Review exact declaration metadata and semantic role against source and framework version.	Annotation declaration census only; family hints do not establish semantics or application uses.
spring.mechanism.unclassified	ANNOTATION_SEMANTICS_NOT_ADJUDICATED	DEPENDENCY_ARTIFACT	ARTIFACT	sha256:525aa88505399c6ccfddfe295b313d55a259ed5e8d5890a3568485c074f98414!org/springframework/boot/autoconfigure/condition/ConditionalOnResource.class#sha256:bf74cb6257eb8e665a34f6d55c8f10c72e7e8d3bd324f9ff4c11759b63cc5b57	Review exact declaration metadata and semantic role against source and framework version.	Annotation declaration census only; family hints do not establish semantics or application uses.
spring.mechanism.unclassified	ANNOTATION_SEMANTICS_NOT_ADJUDICATED	DEPENDENCY_ARTIFACT	ARTIFACT	sha256:525aa88505399c6ccfddfe295b313d55a259ed5e8d5890a3568485c074f98414!org/springframework/boot/autoconfigure/condition/ConditionalOnSingleCandidate.class#sha256:efa052faa6ce179c0d2465acd85fd4d6ed3dd6150733cd6deeb58065ec4dab9d	Review exact declaration metadata and semantic role against source and framework version.	Annotation declaration census only; family hints do not establish semantics or application uses.
spring.mechanism.unclassified	ANNOTATION_SEMANTICS_NOT_ADJUDICATED	DEPENDENCY_ARTIFACT	ARTIFACT	sha256:525aa88505399c6ccfddfe295b313d55a259ed5e8d5890a3568485c074f98414!org/springframework/boot/autoconfigure/condition/ConditionalOnThreading.class#sha256:2315729fecee9a7327a2d9c1bb6cb9cbf142fc4b257e13a674a3aac38e4622d7	Review exact declaration metadata and semantic role against source and framework version.	Annotation declaration census only; family hints do not establish semantics or application uses.
spring.mechanism.unclassified	ANNOTATION_SEMANTICS_NOT_ADJUDICATED	DEPENDENCY_ARTIFACT	ARTIFACT	sha256:525aa88505399c6ccfddfe295b313d55a259ed5e8d5890a3568485c074f98414!org/springframework/boot/autoconfigure/condition/ConditionalOnWarDeployment.class#sha256:68f64c80aea43444f62d08a2a5aa59bf3ded08d22d3521b3cac9d1707ad42418	Review exact declaration metadata and semantic role against source and framework version.	Annotation declaration census only; family hints do not establish semantics or application uses.
spring.mechanism.unclassified	ANNOTATION_SEMANTICS_NOT_ADJUDICATED	DEPENDENCY_ARTIFACT	ARTIFACT	sha256:525aa88505399c6ccfddfe295b313d55a259ed5e8d5890a3568485c074f98414!org/springframework/boot/autoconfigure/condition/ConditionalOnWebApplication.class#sha256:6ca599e7c9f09365d8772332d973969bcc39678aeebacb5d539368c1f2e6a057	Review exact declaration metadata and semantic role against source and framework version.	Annotation declaration census only; family hints do not establish semantics or application uses.
spring.mechanism.unclassified	ANNOTATION_SEMANTICS_NOT_ADJUDICATED	DEPENDENCY_ARTIFACT	ARTIFACT	sha256:525aa88505399c6ccfddfe295b313d55a259ed5e8d5890a3568485c074f98414!org/springframework/boot/autoconfigure/data/ConditionalOnRepositoryType.class#sha256:aa6660942eae05563df0a2e2227eb8b8da4008855617744359a4c107fa691e51	Review exact declaration metadata and semantic role against source and framework version.	Annotation declaration census only; family hints do not establish semantics or application uses.
spring.mechanism.unclassified	ANNOTATION_SEMANTICS_NOT_ADJUDICATED	DEPENDENCY_ARTIFACT	ARTIFACT	sha256:525aa88505399c6ccfddfe295b313d55a259ed5e8d5890a3568485c074f98414!org/springframework/boot/autoconfigure/domain/EntityScan.class#sha256:dc41e5efba07b8491631511a07000b4772fb5db62e5f9b4882aa9e89d7a0137e	Review exact declaration metadata and semantic role against source and framework version.	Annotation declaration census only; family hints do not establish semantics or application uses.
spring.mechanism.unclassified	ANNOTATION_SEMANTICS_NOT_ADJUDICATED	DEPENDENCY_ARTIFACT	ARTIFACT	sha256:525aa88505399c6ccfddfe295b313d55a259ed5e8d5890a3568485c074f98414!org/springframework/boot/autoconfigure/flyway/FlywayDataSource.class#sha256:79472d72ab8c13af0b9704b077c0950d7a30ebce9319fc6027a83f4727e7e56d	Review exact declaration metadata and semantic role against source and framework version.	Annotation declaration census only; family hints do not establish semantics or application uses.
spring.mechanism.unclassified	ANNOTATION_SEMANTICS_NOT_ADJUDICATED	DEPENDENCY_ARTIFACT	ARTIFACT	sha256:525aa88505399c6ccfddfe295b313d55a259ed5e8d5890a3568485c074f98414!org/springframework/boot/autoconfigure/graphql/ConditionalOnGraphQlSchema.class#sha256:54b5ef8de7e260220c4bf1094acdc2995804d26a0666ec230aadf0dbba60d159	Review exact declaration metadata and semantic role against source and framework version.	Annotation declaration census only; family hints do not establish semantics or application uses.
spring.mechanism.unclassified	ANNOTATION_SEMANTICS_NOT_ADJUDICATED	DEPENDENCY_ARTIFACT	ARTIFACT	sha256:525aa88505399c6ccfddfe295b313d55a259ed5e8d5890a3568485c074f98414!org/springframework/boot/autoconfigure/liquibase/LiquibaseDataSource.class#sha256:9b255cb125c4aa85f84a2191441f20fcdf8b665c56c33ba985f935affb392502	Review exact declaration metadata and semantic role against source and framework version.	Annotation declaration census only; family hints do not establish semantics or application uses.
spring.mechanism.unclassified	ANNOTATION_SEMANTICS_NOT_ADJUDICATED	DEPENDENCY_ARTIFACT	ARTIFACT	sha256:525aa88505399c6ccfddfe295b313d55a259ed5e8d5890a3568485c074f98414!org/springframework/boot/autoconfigure/quartz/QuartzDataSource.class#sha256:c9575ad46eb65229e8db34497ab5a051f9866a0753ab7b03e5bc401647a25bd7	Review exact declaration metadata and semantic role against source and framework version.	Annotation declaration census only; family hints do not establish semantics or application uses.
spring.mechanism.unclassified	ANNOTATION_SEMANTICS_NOT_ADJUDICATED	DEPENDENCY_ARTIFACT	ARTIFACT	sha256:525aa88505399c6ccfddfe295b313d55a259ed5e8d5890a3568485c074f98414!org/springframework/boot/autoconfigure/quartz/QuartzTransactionManager.class#sha256:edff11cb0a5fd3b9698a46cbdef193d0fda545609ac67fc8372b00e64361ed23	Review exact declaration metadata and semantic role against source and framework version.	Annotation declaration census only; family hints do not establish semantics or application uses.
spring.mechanism.unclassified	ANNOTATION_SEMANTICS_NOT_ADJUDICATED	DEPENDENCY_ARTIFACT	ARTIFACT	sha256:525aa88505399c6ccfddfe295b313d55a259ed5e8d5890a3568485c074f98414!org/springframework/boot/autoconfigure/security/ConditionalOnDefaultWebSecurity.class#sha256:dfd8d66ab2c19dc8ce8cc0cee113fc598419b25d242d947cf91d2072c0b95a28	Review exact declaration metadata and semantic role against source and framework version.	Annotation declaration census only; family hints do not establish semantics or application uses.
spring.mechanism.unclassified	ANNOTATION_SEMANTICS_NOT_ADJUDICATED	DEPENDENCY_ARTIFACT	ARTIFACT	sha256:525aa88505399c6ccfddfe295b313d55a259ed5e8d5890a3568485c074f98414!org/springframework/boot/autoconfigure/web/ConditionalOnEnabledResourceChain.class#sha256:0c17cb88cb6500a795b839fcf2e909366a8d1bb4588616b864dcf50336bfd3e9	Review exact declaration metadata and semantic role against source and framework version.	Annotation declaration census only; family hints do not establish semantics or application uses.
spring.mechanism.unclassified	ANNOTATION_SEMANTICS_NOT_ADJUDICATED	DEPENDENCY_ARTIFACT	ARTIFACT	sha256:525aa88505399c6ccfddfe295b313d55a259ed5e8d5890a3568485c074f98414!org/springframework/boot/autoconfigure/web/servlet/ConditionalOnMissingFilterBean.class#sha256:c87bd8638909a1a00d70a3a56f4d0313318f3a7e3e3b1096fc2b6c92a258b31d	Review exact declaration metadata and semantic role against source and framework version.	Annotation declaration census only; family hints do not establish semantics or application uses.
spring.mechanism.unclassified	ANNOTATION_SEMANTICS_NOT_ADJUDICATED	DEPENDENCY_ARTIFACT	ARTIFACT	sha256:530f4e0fdfeb3a0e2b3a369d15cdea38fbdc1696f8b030c35a6ad65c27524950!org/springframework/boot/SpringBootConfiguration.class#sha256:0ac9c19b7b8b5ab0a1233aae5d6e43f69e21056a2975223abea1eeee1275c723	Review exact declaration metadata and semantic role against source and framework version.	Annotation declaration census only; family hints do not establish semantics or application uses.
spring.mechanism.unclassified	ANNOTATION_SEMANTICS_NOT_ADJUDICATED	DEPENDENCY_ARTIFACT	ARTIFACT	sha256:530f4e0fdfeb3a0e2b3a369d15cdea38fbdc1696f8b030c35a6ad65c27524950!org/springframework/boot/context/properties/ConfigurationProperties.class#sha256:991820475d88378e641121b0e985558c6218161e2ec6ec559a78693cb038b24b	Review exact declaration metadata and semantic role against source and framework version.	Annotation declaration census only; family hints do not establish semantics or application uses.
spring.mechanism.unclassified	ANNOTATION_SEMANTICS_NOT_ADJUDICATED	DEPENDENCY_ARTIFACT	ARTIFACT	sha256:530f4e0fdfeb3a0e2b3a369d15cdea38fbdc1696f8b030c35a6ad65c27524950!org/springframework/boot/context/properties/ConfigurationPropertiesBinding.class#sha256:5bab26ea1f90eaf72e601a75b4b46540c0292e028c584a5a32e2eaa8ddcf6107	Review exact declaration metadata and semantic role against source and framework version.	Annotation declaration census only; family hints do not establish semantics or application uses.
spring.mechanism.unclassified	ANNOTATION_SEMANTICS_NOT_ADJUDICATED	DEPENDENCY_ARTIFACT	ARTIFACT	sha256:530f4e0fdfeb3a0e2b3a369d15cdea38fbdc1696f8b030c35a6ad65c27524950!org/springframework/boot/context/properties/ConfigurationPropertiesScan.class#sha256:19475dcc673d34cdf6c6fae701efd511922f70e4d1d092ac71c4600f493b9221	Review exact declaration metadata and semantic role against source and framework version.	Annotation declaration census only; family hints do not establish semantics or application uses.
spring.mechanism.unclassified	ANNOTATION_SEMANTICS_NOT_ADJUDICATED	DEPENDENCY_ARTIFACT	ARTIFACT	sha256:530f4e0fdfeb3a0e2b3a369d15cdea38fbdc1696f8b030c35a6ad65c27524950!org/springframework/boot/context/properties/ConstructorBinding.class#sha256:d2b873033bfbb5bd8b2d603ef180a367147f8e9da360c390cd495acb9363bd50	Review exact declaration metadata and semantic role against source and framework version.	Annotation declaration census only; family hints do not establish semantics or application uses.
spring.mechanism.unclassified	ANNOTATION_SEMANTICS_NOT_ADJUDICATED	DEPENDENCY_ARTIFACT	ARTIFACT	sha256:530f4e0fdfeb3a0e2b3a369d15cdea38fbdc1696f8b030c35a6ad65c27524950!org/springframework/boot/context/properties/DeprecatedConfigurationProperty.class#sha256:e7a0f284789100328be8c7153dc562df4cb81a9ea3b98549c9031c1ddd63d536	Review exact declaration metadata and semantic role against source and framework version.	Annotation declaration census only; family hints do not establish semantics or application uses.
spring.mechanism.unclassified	ANNOTATION_SEMANTICS_NOT_ADJUDICATED	DEPENDENCY_ARTIFACT	ARTIFACT	sha256:530f4e0fdfeb3a0e2b3a369d15cdea38fbdc1696f8b030c35a6ad65c27524950!org/springframework/boot/context/properties/EnableConfigurationProperties.class#sha256:667cd113b147f5e2e4db85589c386a28342343464e1da2ff0840b0ee64a255b0	Review exact declaration metadata and semantic role against source and framework version.	Annotation declaration census only; family hints do not establish semantics or application uses.
spring.mechanism.unclassified	ANNOTATION_SEMANTICS_NOT_ADJUDICATED	DEPENDENCY_ARTIFACT	ARTIFACT	sha256:530f4e0fdfeb3a0e2b3a369d15cdea38fbdc1696f8b030c35a6ad65c27524950!org/springframework/boot/context/properties/NestedConfigurationProperty.class#sha256:cb9e3289c33e5d24b6cc19ee95902f1d84b28c73fba7a406edb0841b50778043	Review exact declaration metadata and semantic role against source and framework version.	Annotation declaration census only; family hints do not establish semantics or application uses.
spring.mechanism.unclassified	ANNOTATION_SEMANTICS_NOT_ADJUDICATED	DEPENDENCY_ARTIFACT	ARTIFACT	sha256:530f4e0fdfeb3a0e2b3a369d15cdea38fbdc1696f8b030c35a6ad65c27524950!org/springframework/boot/context/properties/bind/DefaultValue.class#sha256:ca84e80c2e149a7d09313203d03cf41e88f9c8e69d9a3aa4df16e450a5adff99	Review exact declaration metadata and semantic role against source and framework version.	Annotation declaration census only; family hints do not establish semantics or application uses.
spring.mechanism.unclassified	ANNOTATION_SEMANTICS_NOT_ADJUDICATED	DEPENDENCY_ARTIFACT	ARTIFACT	sha256:530f4e0fdfeb3a0e2b3a369d15cdea38fbdc1696f8b030c35a6ad65c27524950!org/springframework/boot/context/properties/bind/Name.class#sha256:f4b5c74ea37a3ce313acbb1d6958a229a7b723045613cc5513b11404a840238f	Review exact declaration metadata and semantic role against source and framework version.	Annotation declaration census only; family hints do not establish semantics or application uses.
spring.mechanism.unclassified	ANNOTATION_SEMANTICS_NOT_ADJUDICATED	DEPENDENCY_ARTIFACT	ARTIFACT	sha256:530f4e0fdfeb3a0e2b3a369d15cdea38fbdc1696f8b030c35a6ad65c27524950!org/springframework/boot/convert/DataSizeUnit.class#sha256:6dac370066b2b4423fefac22930afa133f2655355cc24d271e893a18a3ff9eb3	Review exact declaration metadata and semantic role against source and framework version.	Annotation declaration census only; family hints do not establish semantics or application uses.
spring.mechanism.unclassified	ANNOTATION_SEMANTICS_NOT_ADJUDICATED	DEPENDENCY_ARTIFACT	ARTIFACT	sha256:530f4e0fdfeb3a0e2b3a369d15cdea38fbdc1696f8b030c35a6ad65c27524950!org/springframework/boot/convert/Delimiter.class#sha256:e0ce5613dc255882646212250a2b310a4f54f8f9e6963e056abc4eeebc2b40c6	Review exact declaration metadata and semantic role against source and framework version.	Annotation declaration census only; family hints do not establish semantics or application uses.
spring.mechanism.unclassified	ANNOTATION_SEMANTICS_NOT_ADJUDICATED	DEPENDENCY_ARTIFACT	ARTIFACT	sha256:530f4e0fdfeb3a0e2b3a369d15cdea38fbdc1696f8b030c35a6ad65c27524950!org/springframework/boot/convert/DurationFormat.class#sha256:2b69f2227fe192ccaff75526c76e391d5f4fb880579e88e97979d76b53ff26c4	Review exact declaration metadata and semantic role against source and framework version.	Annotation declaration census only; family hints do not establish semantics or application uses.
spring.mechanism.unclassified	ANNOTATION_SEMANTICS_NOT_ADJUDICATED	DEPENDENCY_ARTIFACT	ARTIFACT	sha256:530f4e0fdfeb3a0e2b3a369d15cdea38fbdc1696f8b030c35a6ad65c27524950!org/springframework/boot/convert/DurationUnit.class#sha256:62fb56e4761762dfb8c84c44292038e8efd2d16996f9c94b00c82598d6cb9049	Review exact declaration metadata and semantic role against source and framework version.	Annotation declaration census only; family hints do not establish semantics or application uses.
spring.mechanism.unclassified	ANNOTATION_SEMANTICS_NOT_ADJUDICATED	DEPENDENCY_ARTIFACT	ARTIFACT	sha256:530f4e0fdfeb3a0e2b3a369d15cdea38fbdc1696f8b030c35a6ad65c27524950!org/springframework/boot/convert/PeriodFormat.class#sha256:99511114a72f10d1c9384ce1911e9ad6433a67f2d705f1d64eeecfc11e9ff927	Review exact declaration metadata and semantic role against source and framework version.	Annotation declaration census only; family hints do not establish semantics or application uses.
spring.mechanism.unclassified	ANNOTATION_SEMANTICS_NOT_ADJUDICATED	DEPENDENCY_ARTIFACT	ARTIFACT	sha256:530f4e0fdfeb3a0e2b3a369d15cdea38fbdc1696f8b030c35a6ad65c27524950!org/springframework/boot/convert/PeriodUnit.class#sha256:6ac2a03d99abb1a56f058092c53a88ac3f31d9cd2948fcfc2bc1535d54ad968f	Review exact declaration metadata and semantic role against source and framework version.	Annotation declaration census only; family hints do not establish semantics or application uses.
spring.mechanism.unclassified	ANNOTATION_SEMANTICS_NOT_ADJUDICATED	DEPENDENCY_ARTIFACT	ARTIFACT	sha256:530f4e0fdfeb3a0e2b3a369d15cdea38fbdc1696f8b030c35a6ad65c27524950!org/springframework/boot/jackson/JsonComponent.class#sha256:f0645e1a2c1b4cab9ada3879defe6d41b9b23b0b271a50069165f1cadd9b99c6	Review exact declaration metadata and semantic role against source and framework version.	Annotation declaration census only; family hints do not establish semantics or application uses.
spring.mechanism.unclassified	ANNOTATION_SEMANTICS_NOT_ADJUDICATED	DEPENDENCY_ARTIFACT	ARTIFACT	sha256:530f4e0fdfeb3a0e2b3a369d15cdea38fbdc1696f8b030c35a6ad65c27524950!org/springframework/boot/jackson/JsonMixin.class#sha256:2642c7a6c5cded44af56a5edbe64608fce22a2cbd46ddfa4fc5a4ca258b9c116	Review exact declaration metadata and semantic role against source and framework version.	Annotation declaration census only; family hints do not establish semantics or application uses.
spring.mechanism.unclassified	ANNOTATION_SEMANTICS_NOT_ADJUDICATED	DEPENDENCY_ARTIFACT	ARTIFACT	sha256:530f4e0fdfeb3a0e2b3a369d15cdea38fbdc1696f8b030c35a6ad65c27524950!org/springframework/boot/rsocket/context/LocalRSocketServerPort.class#sha256:5f0cf65c25d7696ed7338677d8dbe063c74061074700c6e1b07c54a82ba21f9e	Review exact declaration metadata and semantic role against source and framework version.	Annotation declaration census only; family hints do not establish semantics or application uses.
spring.mechanism.unclassified	ANNOTATION_SEMANTICS_NOT_ADJUDICATED	DEPENDENCY_ARTIFACT	ARTIFACT	sha256:530f4e0fdfeb3a0e2b3a369d15cdea38fbdc1696f8b030c35a6ad65c27524950!org/springframework/boot/sql/init/dependency/DependsOnDatabaseInitialization.class#sha256:6348395bca583a6280dc4cac7f886ade2b8e33b0e35deb193ea6174c923a0b48	Review exact declaration metadata and semantic role against source and framework version.	Annotation declaration census only; family hints do not establish semantics or application uses.
spring.mechanism.unclassified	ANNOTATION_SEMANTICS_NOT_ADJUDICATED	DEPENDENCY_ARTIFACT	ARTIFACT	sha256:530f4e0fdfeb3a0e2b3a369d15cdea38fbdc1696f8b030c35a6ad65c27524950!org/springframework/boot/web/server/LocalServerPort.class#sha256:09db3014973baa48887a5abb2c9e995b3e47892cbfad99e248cc8ab3cfd69c03	Review exact declaration metadata and semantic role against source and framework version.	Annotation declaration census only; family hints do not establish semantics or application uses.
spring.mechanism.unclassified	ANNOTATION_SEMANTICS_NOT_ADJUDICATED	DEPENDENCY_ARTIFACT	ARTIFACT	sha256:530f4e0fdfeb3a0e2b3a369d15cdea38fbdc1696f8b030c35a6ad65c27524950!org/springframework/boot/web/servlet/ServletComponentScan.class#sha256:5d88c88ba5880d6a04bf209f6cd982abcfde87a545a57b9a0f100f35a056da08	Review exact declaration metadata and semantic role against source and framework version.	Annotation declaration census only; family hints do not establish semantics or application uses.
spring.mechanism.unclassified	ANNOTATION_SEMANTICS_NOT_ADJUDICATED	DEPENDENCY_ARTIFACT	ARTIFACT	sha256:5f65fdaf424eee2b55e1d882ba9bb376be93fb09b37b808be6e22e8851c909fe!jakarta/annotation/Generated.class#sha256:86abda1daff4d12c319ceaa7db2fed774e1f23bfa4a17bcac13bad20434bffa5	Review exact declaration metadata and semantic role against source and framework version.	Annotation declaration census only; family hints do not establish semantics or application uses.
spring.mechanism.unclassified	ANNOTATION_SEMANTICS_NOT_ADJUDICATED	DEPENDENCY_ARTIFACT	ARTIFACT	sha256:5f65fdaf424eee2b55e1d882ba9bb376be93fb09b37b808be6e22e8851c909fe!jakarta/annotation/ManagedBean.class#sha256:d759863f5325efd61f8ae880cf7af35e76bf0f6b5aca2060dea0bab259fa2a87	Review exact declaration metadata and semantic role against source and framework version.	Annotation declaration census only; family hints do not establish semantics or application uses.
spring.mechanism.unclassified	ANNOTATION_SEMANTICS_NOT_ADJUDICATED	DEPENDENCY_ARTIFACT	ARTIFACT	sha256:5f65fdaf424eee2b55e1d882ba9bb376be93fb09b37b808be6e22e8851c909fe!jakarta/annotation/Nonnull.class#sha256:bddb27bc8e16a429c6e4807fbdca717fdc9b4794bf72ce3e7935372550392956	Review exact declaration metadata and semantic role against source and framework version.	Annotation declaration census only; family hints do not establish semantics or application uses.
spring.mechanism.unclassified	ANNOTATION_SEMANTICS_NOT_ADJUDICATED	DEPENDENCY_ARTIFACT	ARTIFACT	sha256:5f65fdaf424eee2b55e1d882ba9bb376be93fb09b37b808be6e22e8851c909fe!jakarta/annotation/Nullable.class#sha256:6cf8df86982a4310ea5af8ccab9223b67a9e228c641a3104806573e4c5a32577	Review exact declaration metadata and semantic role against source and framework version.	Annotation declaration census only; family hints do not establish semantics or application uses.
spring.mechanism.unclassified	ANNOTATION_SEMANTICS_NOT_ADJUDICATED	DEPENDENCY_ARTIFACT	ARTIFACT	sha256:5f65fdaf424eee2b55e1d882ba9bb376be93fb09b37b808be6e22e8851c909fe!jakarta/annotation/PostConstruct.class#sha256:de703559dde3d4657791a1410ad92fa4a900c6fe1366ca720cc148583f8070c9	Review exact declaration metadata and semantic role against source and framework version.	Annotation declaration census only; family hints do not establish semantics or application uses.
spring.mechanism.unclassified	ANNOTATION_SEMANTICS_NOT_ADJUDICATED	DEPENDENCY_ARTIFACT	ARTIFACT	sha256:5f65fdaf424eee2b55e1d882ba9bb376be93fb09b37b808be6e22e8851c909fe!jakarta/annotation/PreDestroy.class#sha256:d8f5e7e9d13b4a682e18883b1d15182f7696d295a7cfc0b3d6928012ba54813b	Review exact declaration metadata and semantic role against source and framework version.	Annotation declaration census only; family hints do not establish semantics or application uses.
spring.mechanism.unclassified	ANNOTATION_SEMANTICS_NOT_ADJUDICATED	DEPENDENCY_ARTIFACT	ARTIFACT	sha256:5f65fdaf424eee2b55e1d882ba9bb376be93fb09b37b808be6e22e8851c909fe!jakarta/annotation/Priority.class#sha256:ae809f62bcfcc86e1734efd3f3e716b856a685871d442a3b5d978b65bddd48d4	Review exact declaration metadata and semantic role against source and framework version.	Annotation declaration census only; family hints do not establish semantics or application uses.
spring.mechanism.unclassified	ANNOTATION_SEMANTICS_NOT_ADJUDICATED	DEPENDENCY_ARTIFACT	ARTIFACT	sha256:5f65fdaf424eee2b55e1d882ba9bb376be93fb09b37b808be6e22e8851c909fe!jakarta/annotation/Resource.class#sha256:3813c3aa7f4a8087e28089d0a795ffe3a6a7b843095009cb894cb1506866a301	Review exact declaration metadata and semantic role against source and framework version.	Annotation declaration census only; family hints do not establish semantics or application uses.
spring.mechanism.unclassified	ANNOTATION_SEMANTICS_NOT_ADJUDICATED	DEPENDENCY_ARTIFACT	ARTIFACT	sha256:5f65fdaf424eee2b55e1d882ba9bb376be93fb09b37b808be6e22e8851c909fe!jakarta/annotation/Resources.class#sha256:13d6f1a621f204d497418b08b4f78b072ff5639cf694500fbce3abc91a523b0f	Review exact declaration metadata and semantic role against source and framework version.	Annotation declaration census only; family hints do not establish semantics or application uses.
spring.mechanism.unclassified	ANNOTATION_SEMANTICS_NOT_ADJUDICATED	DEPENDENCY_ARTIFACT	ARTIFACT	sha256:5f65fdaf424eee2b55e1d882ba9bb376be93fb09b37b808be6e22e8851c909fe!jakarta/annotation/security/DeclareRoles.class#sha256:855bebaae53f4d50a1f172a13b09028b6d4c1c05b35d1f7daca63b2d2a1d1320	Review exact declaration metadata and semantic role against source and framework version.	Annotation declaration census only; family hints do not establish semantics or application uses.
spring.mechanism.unclassified	ANNOTATION_SEMANTICS_NOT_ADJUDICATED	DEPENDENCY_ARTIFACT	ARTIFACT	sha256:5f65fdaf424eee2b55e1d882ba9bb376be93fb09b37b808be6e22e8851c909fe!jakarta/annotation/security/DenyAll.class#sha256:cc27823edb72ce0a3d77b5fd29f4ed5085bbc28d56dee17da2931c18b201cb9c	Review exact declaration metadata and semantic role against source and framework version.	Annotation declaration census only; family hints do not establish semantics or application uses.
spring.mechanism.unclassified	ANNOTATION_SEMANTICS_NOT_ADJUDICATED	DEPENDENCY_ARTIFACT	ARTIFACT	sha256:5f65fdaf424eee2b55e1d882ba9bb376be93fb09b37b808be6e22e8851c909fe!jakarta/annotation/security/PermitAll.class#sha256:757dc0b8f528c9ecb0e659f0c77366dc19b1436b26fc0b081ec2ae68b037e12b	Review exact declaration metadata and semantic role against source and framework version.	Annotation declaration census only; family hints do not establish semantics or application uses.
spring.mechanism.unclassified	ANNOTATION_SEMANTICS_NOT_ADJUDICATED	DEPENDENCY_ARTIFACT	ARTIFACT	sha256:5f65fdaf424eee2b55e1d882ba9bb376be93fb09b37b808be6e22e8851c909fe!jakarta/annotation/security/RolesAllowed.class#sha256:de29e2e9ded9269dc1941463557d8fc0f748780c63a2a0023c451c58c8276ecc	Review exact declaration metadata and semantic role against source and framework version.	Annotation declaration census only; family hints do not establish semantics or application uses.
spring.mechanism.unclassified	ANNOTATION_SEMANTICS_NOT_ADJUDICATED	DEPENDENCY_ARTIFACT	ARTIFACT	sha256:5f65fdaf424eee2b55e1d882ba9bb376be93fb09b37b808be6e22e8851c909fe!jakarta/annotation/security/RunAs.class#sha256:1804ba845e395b7fdc090cec48500d31b336d1be05a2279fd379f8015b373509	Review exact declaration metadata and semantic role against source and framework version.	Annotation declaration census only; family hints do not establish semantics or application uses.
spring.mechanism.unclassified	ANNOTATION_SEMANTICS_NOT_ADJUDICATED	DEPENDENCY_ARTIFACT	ARTIFACT	sha256:5f65fdaf424eee2b55e1d882ba9bb376be93fb09b37b808be6e22e8851c909fe!jakarta/annotation/sql/DataSourceDefinition.class#sha256:0d400432e72e1f6b73c4f908acb0332622e63f16fb9d4310079345b7a7327ba9	Review exact declaration metadata and semantic role against source and framework version.	Annotation declaration census only; family hints do not establish semantics or application uses.
spring.mechanism.unclassified	ANNOTATION_SEMANTICS_NOT_ADJUDICATED	DEPENDENCY_ARTIFACT	ARTIFACT	sha256:5f65fdaf424eee2b55e1d882ba9bb376be93fb09b37b808be6e22e8851c909fe!jakarta/annotation/sql/DataSourceDefinitions.class#sha256:9298f751e2526e926aee2fe36720e3315ba8d440223af610197c75bee9e25818	Review exact declaration metadata and semantic role against source and framework version.	Annotation declaration census only; family hints do not establish semantics or application uses.
spring.mechanism.unclassified	ANNOTATION_SEMANTICS_NOT_ADJUDICATED	DEPENDENCY_ARTIFACT	ARTIFACT	sha256:6a4a5c8a5b58c209705881e487b49445679ab69c858623fef700f634e24eb9c2!org/springframework/boot/SpringBootConfiguration.class#sha256:7aa6fa4854c5f84c8fa98fdd43a3e4ae63761e56f3f8b4a335d5f93c098907cf	Review exact declaration metadata and semantic role against source and framework version.	Annotation declaration census only; family hints do not establish semantics or application uses.
spring.mechanism.unclassified	ANNOTATION_SEMANTICS_NOT_ADJUDICATED	DEPENDENCY_ARTIFACT	ARTIFACT	sha256:6a4a5c8a5b58c209705881e487b49445679ab69c858623fef700f634e24eb9c2!org/springframework/boot/context/properties/ConfigurationProperties.class#sha256:cb30d4e01f94f6081c5e43fe6137a8a846ea49091f33cc8422d353e098a8a284	Review exact declaration metadata and semantic role against source and framework version.	Annotation declaration census only; family hints do not establish semantics or application uses.
spring.mechanism.unclassified	ANNOTATION_SEMANTICS_NOT_ADJUDICATED	DEPENDENCY_ARTIFACT	ARTIFACT	sha256:6a4a5c8a5b58c209705881e487b49445679ab69c858623fef700f634e24eb9c2!org/springframework/boot/context/properties/ConfigurationPropertiesBinding.class#sha256:473bad5468f60fa8a02100fb451919a0582cae85db9aed3b7f146e4882f5979b	Review exact declaration metadata and semantic role against source and framework version.	Annotation declaration census only; family hints do not establish semantics or application uses.
spring.mechanism.unclassified	ANNOTATION_SEMANTICS_NOT_ADJUDICATED	DEPENDENCY_ARTIFACT	ARTIFACT	sha256:6a4a5c8a5b58c209705881e487b49445679ab69c858623fef700f634e24eb9c2!org/springframework/boot/context/properties/ConfigurationPropertiesScan.class#sha256:7089c9d04051bcb0ef9b5df69bec2a5309ea920ab2f40d3cc89e56cbb769d2a9	Review exact declaration metadata and semantic role against source and framework version.	Annotation declaration census only; family hints do not establish semantics or application uses.
spring.mechanism.unclassified	ANNOTATION_SEMANTICS_NOT_ADJUDICATED	DEPENDENCY_ARTIFACT	ARTIFACT	sha256:6a4a5c8a5b58c209705881e487b49445679ab69c858623fef700f634e24eb9c2!org/springframework/boot/context/properties/DeprecatedConfigurationProperty.class#sha256:611d5d309e1076188806490917e6eb153bda9a384721b1f2bf4fa0d16e68cb1c	Review exact declaration metadata and semantic role against source and framework version.	Annotation declaration census only; family hints do not establish semantics or application uses.
spring.mechanism.unclassified	ANNOTATION_SEMANTICS_NOT_ADJUDICATED	DEPENDENCY_ARTIFACT	ARTIFACT	sha256:6a4a5c8a5b58c209705881e487b49445679ab69c858623fef700f634e24eb9c2!org/springframework/boot/context/properties/EnableConfigurationProperties.class#sha256:2cd628dcd8340c441255681f42f2c9719826cff3b2f0c10e79830c4b35a4f2f8	Review exact declaration metadata and semantic role against source and framework version.	Annotation declaration census only; family hints do not establish semantics or application uses.
spring.mechanism.unclassified	ANNOTATION_SEMANTICS_NOT_ADJUDICATED	DEPENDENCY_ARTIFACT	ARTIFACT	sha256:6a4a5c8a5b58c209705881e487b49445679ab69c858623fef700f634e24eb9c2!org/springframework/boot/context/properties/NestedConfigurationProperty.class#sha256:d50e8f3f4078fa9c35d7ac9f9de73df1ac4d8b19f48758adfa84957bd975011b	Review exact declaration metadata and semantic role against source and framework version.	Annotation declaration census only; family hints do not establish semantics or application uses.
spring.mechanism.unclassified	ANNOTATION_SEMANTICS_NOT_ADJUDICATED	DEPENDENCY_ARTIFACT	ARTIFACT	sha256:6a4a5c8a5b58c209705881e487b49445679ab69c858623fef700f634e24eb9c2!org/springframework/boot/context/properties/bind/ConstructorBinding.class#sha256:673c2c5a918a3f21a3a0d726120d4d2d503f49806566637fd3c6098bc5632f82	Review exact declaration metadata and semantic role against source and framework version.	Annotation declaration census only; family hints do not establish semantics or application uses.
spring.mechanism.unclassified	ANNOTATION_SEMANTICS_NOT_ADJUDICATED	DEPENDENCY_ARTIFACT	ARTIFACT	sha256:6a4a5c8a5b58c209705881e487b49445679ab69c858623fef700f634e24eb9c2!org/springframework/boot/context/properties/bind/DefaultValue.class#sha256:d45d3a4c5affdd44a31e3dc8ffc090788e86d9fdd0b1a2e10be2321c811b7703	Review exact declaration metadata and semantic role against source and framework version.	Annotation declaration census only; family hints do not establish semantics or application uses.
spring.mechanism.unclassified	ANNOTATION_SEMANTICS_NOT_ADJUDICATED	DEPENDENCY_ARTIFACT	ARTIFACT	sha256:6a4a5c8a5b58c209705881e487b49445679ab69c858623fef700f634e24eb9c2!org/springframework/boot/context/properties/bind/Name.class#sha256:e5d6106c115947f7d769de7e5861fbc28578c45e241b6e4687768212082fed8d	Review exact declaration metadata and semantic role against source and framework version.	Annotation declaration census only; family hints do not establish semantics or application uses.
spring.mechanism.unclassified	ANNOTATION_SEMANTICS_NOT_ADJUDICATED	DEPENDENCY_ARTIFACT	ARTIFACT	sha256:6a4a5c8a5b58c209705881e487b49445679ab69c858623fef700f634e24eb9c2!org/springframework/boot/context/properties/bind/Nested.class#sha256:3e127c7035098384d3c6b56f9699aa65b49ebc94ecb9d0cd4a9ecccc9eaadedc	Review exact declaration metadata and semantic role against source and framework version.	Annotation declaration census only; family hints do not establish semantics or application uses.
spring.mechanism.unclassified	ANNOTATION_SEMANTICS_NOT_ADJUDICATED	DEPENDENCY_ARTIFACT	ARTIFACT	sha256:6a4a5c8a5b58c209705881e487b49445679ab69c858623fef700f634e24eb9c2!org/springframework/boot/convert/DataSizeUnit.class#sha256:8f65e72d002b744123d9f1bb1425d83b36e02931a8ccef0cd9376bee3c09b26f	Review exact declaration metadata and semantic role against source and framework version.	Annotation declaration census only; family hints do not establish semantics or application uses.
spring.mechanism.unclassified	ANNOTATION_SEMANTICS_NOT_ADJUDICATED	DEPENDENCY_ARTIFACT	ARTIFACT	sha256:6a4a5c8a5b58c209705881e487b49445679ab69c858623fef700f634e24eb9c2!org/springframework/boot/convert/Delimiter.class#sha256:8d1589e8c290052982290caa38b676f55cb1f05e9a204dc7b83b21b23dae738e	Review exact declaration metadata and semantic role against source and framework version.	Annotation declaration census only; family hints do not establish semantics or application uses.
spring.mechanism.unclassified	ANNOTATION_SEMANTICS_NOT_ADJUDICATED	DEPENDENCY_ARTIFACT	ARTIFACT	sha256:6a4a5c8a5b58c209705881e487b49445679ab69c858623fef700f634e24eb9c2!org/springframework/boot/convert/DurationFormat.class#sha256:fb64d08cedcf1f3982baa785f8afe768a7d8d08287f7a4f6d9911c46e26522f8	Review exact declaration metadata and semantic role against source and framework version.	Annotation declaration census only; family hints do not establish semantics or application uses.
spring.mechanism.unclassified	ANNOTATION_SEMANTICS_NOT_ADJUDICATED	DEPENDENCY_ARTIFACT	ARTIFACT	sha256:6a4a5c8a5b58c209705881e487b49445679ab69c858623fef700f634e24eb9c2!org/springframework/boot/convert/DurationUnit.class#sha256:04c08f5567efaad8a5f03b5ae1bc6493256b3ec6dd2bf981e1ab5a31feecfefa	Review exact declaration metadata and semantic role against source and framework version.	Annotation declaration census only; family hints do not establish semantics or application uses.
spring.mechanism.unclassified	ANNOTATION_SEMANTICS_NOT_ADJUDICATED	DEPENDENCY_ARTIFACT	ARTIFACT	sha256:6a4a5c8a5b58c209705881e487b49445679ab69c858623fef700f634e24eb9c2!org/springframework/boot/convert/PeriodFormat.class#sha256:5f10b1ec80bc200b52a22281e2c01aac790e1a71f82b9da6fafbda04c8bb575a	Review exact declaration metadata and semantic role against source and framework version.	Annotation declaration census only; family hints do not establish semantics or application uses.
spring.mechanism.unclassified	ANNOTATION_SEMANTICS_NOT_ADJUDICATED	DEPENDENCY_ARTIFACT	ARTIFACT	sha256:6a4a5c8a5b58c209705881e487b49445679ab69c858623fef700f634e24eb9c2!org/springframework/boot/convert/PeriodUnit.class#sha256:9af617d69a4699515de0c8c8d1e9ea421e4727100be736958bb34ec3d9196780	Review exact declaration metadata and semantic role against source and framework version.	Annotation declaration census only; family hints do not establish semantics or application uses.
spring.mechanism.unclassified	ANNOTATION_SEMANTICS_NOT_ADJUDICATED	DEPENDENCY_ARTIFACT	ARTIFACT	sha256:6a4a5c8a5b58c209705881e487b49445679ab69c858623fef700f634e24eb9c2!org/springframework/boot/jackson/JsonComponent.class#sha256:ae53e7e1b47688c4aaa7855b82f8fc7349815e8243dbee99649238ee5d076416	Review exact declaration metadata and semantic role against source and framework version.	Annotation declaration census only; family hints do not establish semantics or application uses.
spring.mechanism.unclassified	ANNOTATION_SEMANTICS_NOT_ADJUDICATED	DEPENDENCY_ARTIFACT	ARTIFACT	sha256:6a4a5c8a5b58c209705881e487b49445679ab69c858623fef700f634e24eb9c2!org/springframework/boot/jackson/JsonMixin.class#sha256:889e62dc86fd08e563fa17a4ae67b303b65853659a8c943c9a7cc7de30426af6	Review exact declaration metadata and semantic role against source and framework version.	Annotation declaration census only; family hints do not establish semantics or application uses.
spring.mechanism.unclassified	ANNOTATION_SEMANTICS_NOT_ADJUDICATED	DEPENDENCY_ARTIFACT	ARTIFACT	sha256:6a4a5c8a5b58c209705881e487b49445679ab69c858623fef700f634e24eb9c2!org/springframework/boot/sql/init/dependency/DependsOnDatabaseInitialization.class#sha256:32dba6ee64418a59a276bfa674593be2747a924ceb30d3f23d542c4d8b263f6b	Review exact declaration metadata and semantic role against source and framework version.	Annotation declaration census only; family hints do not establish semantics or application uses.
spring.mechanism.unclassified	ANNOTATION_SEMANTICS_NOT_ADJUDICATED	DEPENDENCY_ARTIFACT	ARTIFACT	sha256:6a4a5c8a5b58c209705881e487b49445679ab69c858623fef700f634e24eb9c2!org/springframework/boot/web/servlet/ServletComponentScan.class#sha256:bf25e2cbaf29f59a84c427816f93b43225db18dd6214deb3ec7a59cac6b004c1	Review exact declaration metadata and semantic role against source and framework version.	Annotation declaration census only; family hints do not establish semantics or application uses.
spring.mechanism.unclassified	ANNOTATION_SEMANTICS_NOT_ADJUDICATED	DEPENDENCY_ARTIFACT	ARTIFACT	sha256:6cad84b2a35a33a85a313a19445a43e5432b68e4f0bbf6c2bfc4a885a93dd727!org/springframework/beans/factory/annotation/Autowired.class#sha256:1cb9193689edabb2caa4edf455b13626dc1b091de96693ad2a7f372aa6e30473	Review exact declaration metadata and semantic role against source and framework version.	Annotation declaration census only; family hints do not establish semantics or application uses.
spring.mechanism.unclassified	ANNOTATION_SEMANTICS_NOT_ADJUDICATED	DEPENDENCY_ARTIFACT	ARTIFACT	sha256:6cad84b2a35a33a85a313a19445a43e5432b68e4f0bbf6c2bfc4a885a93dd727!org/springframework/beans/factory/annotation/Configurable.class#sha256:799f346e81c60563846051bdeaf64b49e22fee10a1b06b2c65dd2919818bcf73	Review exact declaration metadata and semantic role against source and framework version.	Annotation declaration census only; family hints do not establish semantics or application uses.
spring.mechanism.unclassified	ANNOTATION_SEMANTICS_NOT_ADJUDICATED	DEPENDENCY_ARTIFACT	ARTIFACT	sha256:6cad84b2a35a33a85a313a19445a43e5432b68e4f0bbf6c2bfc4a885a93dd727!org/springframework/beans/factory/annotation/Lookup.class#sha256:7e1100845fc66c288d15485d304f2c1cc0a781be3a56ad8b4d042bcbce27c36b	Review exact declaration metadata and semantic role against source and framework version.	Annotation declaration census only; family hints do not establish semantics or application uses.
spring.mechanism.unclassified	ANNOTATION_SEMANTICS_NOT_ADJUDICATED	DEPENDENCY_ARTIFACT	ARTIFACT	sha256:6cad84b2a35a33a85a313a19445a43e5432b68e4f0bbf6c2bfc4a885a93dd727!org/springframework/beans/factory/annotation/Qualifier.class#sha256:cfeaaeabe2debff17a893539b71e09094760297e940c4000108f1acb14c5f9fd	Review exact declaration metadata and semantic role against source and framework version.	Annotation declaration census only; family hints do not establish semantics or application uses.
spring.mechanism.unclassified	ANNOTATION_SEMANTICS_NOT_ADJUDICATED	DEPENDENCY_ARTIFACT	ARTIFACT	sha256:6cad84b2a35a33a85a313a19445a43e5432b68e4f0bbf6c2bfc4a885a93dd727!org/springframework/beans/factory/annotation/Value.class#sha256:dde4ef5f3574fbff0ac45e243f792a3b4fe0095a1cbafe37b63ec3c5e6c6e9a1	Review exact declaration metadata and semantic role against source and framework version.	Annotation declaration census only; family hints do not establish semantics or application uses.
spring.mechanism.unclassified	ANNOTATION_SEMANTICS_NOT_ADJUDICATED	DEPENDENCY_ARTIFACT	ARTIFACT	sha256:7013ed3da15a8d4be797f5c310f9aa1b196b97f2313bc41e60ef3f5627224fe9!org/springframework/core/annotation/AliasFor.class#sha256:41017aa390dea78a137bb273723765f43778a8da4e20f13846ef00d31a10a488	Review exact declaration metadata and semantic role against source and framework version.	Annotation declaration census only; family hints do not establish semantics or application uses.
spring.mechanism.unclassified	ANNOTATION_SEMANTICS_NOT_ADJUDICATED	DEPENDENCY_ARTIFACT	ARTIFACT	sha256:7013ed3da15a8d4be797f5c310f9aa1b196b97f2313bc41e60ef3f5627224fe9!org/springframework/core/annotation/Order.class#sha256:0358b900988daccefea0e1198fd73d3c8a9622747efb6f804b5ae85c006c70cf	Review exact declaration metadata and semantic role against source and framework version.	Annotation declaration census only; family hints do not establish semantics or application uses.
spring.mechanism.unclassified	ANNOTATION_SEMANTICS_NOT_ADJUDICATED	DEPENDENCY_ARTIFACT	ARTIFACT	sha256:7013ed3da15a8d4be797f5c310f9aa1b196b97f2313bc41e60ef3f5627224fe9!org/springframework/lang/NonNull.class#sha256:519d6b8e695d87f9c05626da2228fd7b8e3df250d85f2704b8ccbfd7cb933627	Review exact declaration metadata and semantic role against source and framework version.	Annotation declaration census only; family hints do not establish semantics or application uses.
spring.mechanism.unclassified	ANNOTATION_SEMANTICS_NOT_ADJUDICATED	DEPENDENCY_ARTIFACT	ARTIFACT	sha256:7013ed3da15a8d4be797f5c310f9aa1b196b97f2313bc41e60ef3f5627224fe9!org/springframework/lang/NonNullApi.class#sha256:1670f9710c074381fdfe0f7a94bfd1f2b0d0cb1a1aa9147d47358cb5c1e31ed7	Review exact declaration metadata and semantic role against source and framework version.	Annotation declaration census only; family hints do not establish semantics or application uses.
spring.mechanism.unclassified	ANNOTATION_SEMANTICS_NOT_ADJUDICATED	DEPENDENCY_ARTIFACT	ARTIFACT	sha256:7013ed3da15a8d4be797f5c310f9aa1b196b97f2313bc41e60ef3f5627224fe9!org/springframework/lang/NonNullFields.class#sha256:735d77d726b32e8e9c708901043779f12fc6b44f21ed68c4063d0e06b0f6692b	Review exact declaration metadata and semantic role against source and framework version.	Annotation declaration census only; family hints do not establish semantics or application uses.
spring.mechanism.unclassified	ANNOTATION_SEMANTICS_NOT_ADJUDICATED	DEPENDENCY_ARTIFACT	ARTIFACT	sha256:7013ed3da15a8d4be797f5c310f9aa1b196b97f2313bc41e60ef3f5627224fe9!org/springframework/lang/Nullable.class#sha256:0eb79848e37ffaa2704d6882b6eeccafe0479f783d75cc43676eb87464b352e4	Review exact declaration metadata and semantic role against source and framework version.	Annotation declaration census only; family hints do not establish semantics or application uses.
spring.mechanism.unclassified	ANNOTATION_SEMANTICS_NOT_ADJUDICATED	DEPENDENCY_ARTIFACT	ARTIFACT	sha256:7013ed3da15a8d4be797f5c310f9aa1b196b97f2313bc41e60ef3f5627224fe9!org/springframework/lang/UsesJava7.class#sha256:114a62531a58b3b08b869a02fbaaf370978314e05210c001a5042803d10efc3f	Review exact declaration metadata and semantic role against source and framework version.	Annotation declaration census only; family hints do not establish semantics or application uses.
spring.mechanism.unclassified	ANNOTATION_SEMANTICS_NOT_ADJUDICATED	DEPENDENCY_ARTIFACT	ARTIFACT	sha256:7013ed3da15a8d4be797f5c310f9aa1b196b97f2313bc41e60ef3f5627224fe9!org/springframework/lang/UsesJava8.class#sha256:9edbefa2ba052a11950918bbe7633534f345efe0121f3cfed0256263370e1817	Review exact declaration metadata and semantic role against source and framework version.	Annotation declaration census only; family hints do not establish semantics or application uses.
spring.mechanism.unclassified	ANNOTATION_SEMANTICS_NOT_ADJUDICATED	DEPENDENCY_ARTIFACT	ARTIFACT	sha256:7013ed3da15a8d4be797f5c310f9aa1b196b97f2313bc41e60ef3f5627224fe9!org/springframework/lang/UsesSunHttpServer.class#sha256:8748c82925e91629a636438bddddb0fdc508e5aefd472ca348bd8af52a262470	Review exact declaration metadata and semantic role against source and framework version.	Annotation declaration census only; family hints do not establish semantics or application uses.
spring.mechanism.unclassified	ANNOTATION_SEMANTICS_NOT_ADJUDICATED	DEPENDENCY_ARTIFACT	ARTIFACT	sha256:7013ed3da15a8d4be797f5c310f9aa1b196b97f2313bc41e60ef3f5627224fe9!org/springframework/lang/UsesSunMisc.class#sha256:b8b2305a8bda6aae941ed2326143e2f59987898e795bd47c7caf0cc3d095cc17	Review exact declaration metadata and semantic role against source and framework version.	Annotation declaration census only; family hints do not establish semantics or application uses.
spring.mechanism.unclassified	ANNOTATION_SEMANTICS_NOT_ADJUDICATED	DEPENDENCY_ARTIFACT	ARTIFACT	sha256:7013ed3da15a8d4be797f5c310f9aa1b196b97f2313bc41e60ef3f5627224fe9!org/springframework/objenesis/instantiator/annotations/Instantiator.class#sha256:ce23ce5a0637bb30b8fb1fcf1ab46af06d88f2c4a3d6b26a93ee52c704b975be	Review exact declaration metadata and semantic role against source and framework version.	Annotation declaration census only; family hints do not establish semantics or application uses.
spring.mechanism.unclassified	ANNOTATION_SEMANTICS_NOT_ADJUDICATED	DEPENDENCY_ARTIFACT	ARTIFACT	sha256:a0d2de9df7902edc5f6ae55e2936327bdeac177dbc5392906b8d36f3691fe121!org/springframework/cache/annotation/CacheConfig.class#sha256:09720af04fd3092814687cd56ab300f0930375e2c8c8908120e1b0bbd3a64f47	Review exact declaration metadata and semantic role against source and framework version.	Annotation declaration census only; family hints do not establish semantics or application uses.
spring.mechanism.unclassified	ANNOTATION_SEMANTICS_NOT_ADJUDICATED	DEPENDENCY_ARTIFACT	ARTIFACT	sha256:a0d2de9df7902edc5f6ae55e2936327bdeac177dbc5392906b8d36f3691fe121!org/springframework/cache/annotation/CacheEvict.class#sha256:a8f66474a299c33dd327db9739d78f024888a998d00b3816e40ae3b8487255b4	Review exact declaration metadata and semantic role against source and framework version.	Annotation declaration census only; family hints do not establish semantics or application uses.
spring.mechanism.unclassified	ANNOTATION_SEMANTICS_NOT_ADJUDICATED	DEPENDENCY_ARTIFACT	ARTIFACT	sha256:a0d2de9df7902edc5f6ae55e2936327bdeac177dbc5392906b8d36f3691fe121!org/springframework/cache/annotation/CachePut.class#sha256:1b803aa0a8013840798ca51eada090f12f18ef2c41f9dd754c68ebe87814908b	Review exact declaration metadata and semantic role against source and framework version.	Annotation declaration census only; family hints do not establish semantics or application uses.
spring.mechanism.unclassified	ANNOTATION_SEMANTICS_NOT_ADJUDICATED	DEPENDENCY_ARTIFACT	ARTIFACT	sha256:a0d2de9df7902edc5f6ae55e2936327bdeac177dbc5392906b8d36f3691fe121!org/springframework/cache/annotation/Cacheable.class#sha256:791058b5e9e02de0ad5b676f3064cfb2374c22bde036f0cec29414ebb6b74ef4	Review exact declaration metadata and semantic role against source and framework version.	Annotation declaration census only; family hints do not establish semantics or application uses.
spring.mechanism.unclassified	ANNOTATION_SEMANTICS_NOT_ADJUDICATED	DEPENDENCY_ARTIFACT	ARTIFACT	sha256:a0d2de9df7902edc5f6ae55e2936327bdeac177dbc5392906b8d36f3691fe121!org/springframework/cache/annotation/Caching.class#sha256:45ab29115be4c6c14dd7d6a5f9fc346a006d2818aa7757d9c24d4f2452755d1b	Review exact declaration metadata and semantic role against source and framework version.	Annotation declaration census only; family hints do not establish semantics or application uses.
spring.mechanism.unclassified	ANNOTATION_SEMANTICS_NOT_ADJUDICATED	DEPENDENCY_ARTIFACT	ARTIFACT	sha256:a0d2de9df7902edc5f6ae55e2936327bdeac177dbc5392906b8d36f3691fe121!org/springframework/cache/annotation/EnableCaching.class#sha256:41cdb7532b368096c0b9dc500465c8399eb29527c4209a5929a21c47fa7b63c4	Review exact declaration metadata and semantic role against source and framework version.	Annotation declaration census only; family hints do not establish semantics or application uses.
spring.mechanism.unclassified	ANNOTATION_SEMANTICS_NOT_ADJUDICATED	DEPENDENCY_ARTIFACT	ARTIFACT	sha256:a0d2de9df7902edc5f6ae55e2936327bdeac177dbc5392906b8d36f3691fe121!org/springframework/context/annotation/Bean.class#sha256:f317a9f570e7e1883b72fcc32721a3f79b9c4de5c96372c1402a5a70a915781d	Review exact declaration metadata and semantic role against source and framework version.	Annotation declaration census only; family hints do not establish semantics or application uses.
spring.mechanism.unclassified	ANNOTATION_SEMANTICS_NOT_ADJUDICATED	DEPENDENCY_ARTIFACT	ARTIFACT	sha256:a0d2de9df7902edc5f6ae55e2936327bdeac177dbc5392906b8d36f3691fe121!org/springframework/context/annotation/ComponentScan$Filter.class#sha256:2d4f5a60c61279d19a44510dd9749d3ab43a3cedb516b2c98b29935584bd9be6	Review exact declaration metadata and semantic role against source and framework version.	Annotation declaration census only; family hints do not establish semantics or application uses.
spring.mechanism.unclassified	ANNOTATION_SEMANTICS_NOT_ADJUDICATED	DEPENDENCY_ARTIFACT	ARTIFACT	sha256:a0d2de9df7902edc5f6ae55e2936327bdeac177dbc5392906b8d36f3691fe121!org/springframework/context/annotation/ComponentScan.class#sha256:94544dccdcdd4657254a39e913e52b8072f1367420928b33052a2bd1b9e82199	Review exact declaration metadata and semantic role against source and framework version.	Annotation declaration census only; family hints do not establish semantics or application uses.
spring.mechanism.unclassified	ANNOTATION_SEMANTICS_NOT_ADJUDICATED	DEPENDENCY_ARTIFACT	ARTIFACT	sha256:a0d2de9df7902edc5f6ae55e2936327bdeac177dbc5392906b8d36f3691fe121!org/springframework/context/annotation/ComponentScans.class#sha256:73a2685dadf1c1d15d0fc13d78474bf23ed41d48fbe4fa9c2b10435870528a5a	Review exact declaration metadata and semantic role against source and framework version.	Annotation declaration census only; family hints do not establish semantics or application uses.
spring.mechanism.unclassified	ANNOTATION_SEMANTICS_NOT_ADJUDICATED	DEPENDENCY_ARTIFACT	ARTIFACT	sha256:a0d2de9df7902edc5f6ae55e2936327bdeac177dbc5392906b8d36f3691fe121!org/springframework/context/annotation/Conditional.class#sha256:350146b3e9c181c4c1a284547c541e47bf3561714bf30ef6ad948128027d68d2	Review exact declaration metadata and semantic role against source and framework version.	Annotation declaration census only; family hints do not establish semantics or application uses.
spring.mechanism.unclassified	ANNOTATION_SEMANTICS_NOT_ADJUDICATED	DEPENDENCY_ARTIFACT	ARTIFACT	sha256:a0d2de9df7902edc5f6ae55e2936327bdeac177dbc5392906b8d36f3691fe121!org/springframework/context/annotation/Configuration.class#sha256:bd9d251980123ac4607b377c92aabec9097b1c7f9e0da7b59cdb3c72ab4c2fe1	Review exact declaration metadata and semantic role against source and framework version.	Annotation declaration census only; family hints do not establish semantics or application uses.
spring.mechanism.unclassified	ANNOTATION_SEMANTICS_NOT_ADJUDICATED	DEPENDENCY_ARTIFACT	ARTIFACT	sha256:a0d2de9df7902edc5f6ae55e2936327bdeac177dbc5392906b8d36f3691fe121!org/springframework/context/annotation/DependsOn.class#sha256:c7f83cedebd221bb274776bc4c823ebbdd72576a7d2666b77513cb4c8371ac6a	Review exact declaration metadata and semantic role against source and framework version.	Annotation declaration census only; family hints do not establish semantics or application uses.
spring.mechanism.unclassified	ANNOTATION_SEMANTICS_NOT_ADJUDICATED	DEPENDENCY_ARTIFACT	ARTIFACT	sha256:a0d2de9df7902edc5f6ae55e2936327bdeac177dbc5392906b8d36f3691fe121!org/springframework/context/annotation/Description.class#sha256:d3e558a8b7d03139c94c8182353f915c7deb7d12065c817b74f4ad3f522a77b1	Review exact declaration metadata and semantic role against source and framework version.	Annotation declaration census only; family hints do not establish semantics or application uses.
spring.mechanism.unclassified	ANNOTATION_SEMANTICS_NOT_ADJUDICATED	DEPENDENCY_ARTIFACT	ARTIFACT	sha256:a0d2de9df7902edc5f6ae55e2936327bdeac177dbc5392906b8d36f3691fe121!org/springframework/context/annotation/EnableAspectJAutoProxy.class#sha256:ad1e0982b951a18bc1b3739e3720686539b26cc8477a4c6702e50315c9f15301	Review exact declaration metadata and semantic role against source and framework version.	Annotation declaration census only; family hints do not establish semantics or application uses.
spring.mechanism.unclassified	ANNOTATION_SEMANTICS_NOT_ADJUDICATED	DEPENDENCY_ARTIFACT	ARTIFACT	sha256:a0d2de9df7902edc5f6ae55e2936327bdeac177dbc5392906b8d36f3691fe121!org/springframework/context/annotation/EnableLoadTimeWeaving.class#sha256:1fc9791bf9f93aed59692448d508ba830be96c5addde8dde8dea95ad8127bf67	Review exact declaration metadata and semantic role against source and framework version.	Annotation declaration census only; family hints do not establish semantics or application uses.
spring.mechanism.unclassified	ANNOTATION_SEMANTICS_NOT_ADJUDICATED	DEPENDENCY_ARTIFACT	ARTIFACT	sha256:a0d2de9df7902edc5f6ae55e2936327bdeac177dbc5392906b8d36f3691fe121!org/springframework/context/annotation/EnableMBeanExport.class#sha256:6f088f050f5ae7f590232dab886d17bd46bb9765dafe2578e2323080056f0ff9	Review exact declaration metadata and semantic role against source and framework version.	Annotation declaration census only; family hints do not establish semantics or application uses.
spring.mechanism.unclassified	ANNOTATION_SEMANTICS_NOT_ADJUDICATED	DEPENDENCY_ARTIFACT	ARTIFACT	sha256:a0d2de9df7902edc5f6ae55e2936327bdeac177dbc5392906b8d36f3691fe121!org/springframework/context/annotation/Fallback.class#sha256:d8bb10992b7532b0ea52f031f87aa934c0f8bcf971dd098fb5b3af73bf1c0867	Review exact declaration metadata and semantic role against source and framework version.	Annotation declaration census only; family hints do not establish semantics or application uses.
spring.mechanism.unclassified	ANNOTATION_SEMANTICS_NOT_ADJUDICATED	DEPENDENCY_ARTIFACT	ARTIFACT	sha256:a0d2de9df7902edc5f6ae55e2936327bdeac177dbc5392906b8d36f3691fe121!org/springframework/context/annotation/Import.class#sha256:d90d17c57d8fe4ac6fda83c3f26a73d73cd71127ab12626ec78e50dc744db7af	Review exact declaration metadata and semantic role against source and framework version.	Annotation declaration census only; family hints do not establish semantics or application uses.
spring.mechanism.unclassified	ANNOTATION_SEMANTICS_NOT_ADJUDICATED	DEPENDENCY_ARTIFACT	ARTIFACT	sha256:a0d2de9df7902edc5f6ae55e2936327bdeac177dbc5392906b8d36f3691fe121!org/springframework/context/annotation/ImportResource.class#sha256:b0fc87a3641670dd7966e11361988d3edf69f360a057e0f6eacaa0e8071f65f6	Review exact declaration metadata and semantic role against source and framework version.	Annotation declaration census only; family hints do not establish semantics or application uses.
spring.mechanism.unclassified	ANNOTATION_SEMANTICS_NOT_ADJUDICATED	DEPENDENCY_ARTIFACT	ARTIFACT	sha256:a0d2de9df7902edc5f6ae55e2936327bdeac177dbc5392906b8d36f3691fe121!org/springframework/context/annotation/ImportRuntimeHints.class#sha256:88500265219c86cc97fb5886d28261cbbd4dcf948ecff0770259918720d71469	Review exact declaration metadata and semantic role against source and framework version.	Annotation declaration census only; family hints do not establish semantics or application uses.
spring.mechanism.unclassified	ANNOTATION_SEMANTICS_NOT_ADJUDICATED	DEPENDENCY_ARTIFACT	ARTIFACT	sha256:a0d2de9df7902edc5f6ae55e2936327bdeac177dbc5392906b8d36f3691fe121!org/springframework/context/annotation/Lazy.class#sha256:b094e6bf3035e70585df0a95c1d9f2c567fceb5fabf3f7a681e18e6a15df9ea2	Review exact declaration metadata and semantic role against source and framework version.	Annotation declaration census only; family hints do not establish semantics or application uses.
spring.mechanism.unclassified	ANNOTATION_SEMANTICS_NOT_ADJUDICATED	DEPENDENCY_ARTIFACT	ARTIFACT	sha256:a0d2de9df7902edc5f6ae55e2936327bdeac177dbc5392906b8d36f3691fe121!org/springframework/context/annotation/Primary.class#sha256:d5a1c7567b7b8e6fed079955965caad74800672ceeeec3b9f3d174decdea46c8	Review exact declaration metadata and semantic role against source and framework version.	Annotation declaration census only; family hints do not establish semantics or application uses.
spring.mechanism.unclassified	ANNOTATION_SEMANTICS_NOT_ADJUDICATED	DEPENDENCY_ARTIFACT	ARTIFACT	sha256:a0d2de9df7902edc5f6ae55e2936327bdeac177dbc5392906b8d36f3691fe121!org/springframework/context/annotation/Profile.class#sha256:85eb01c6f99c65d5d7d9a5de0feee20495d9aeaa8e1887213219b198040443da	Review exact declaration metadata and semantic role against source and framework version.	Annotation declaration census only; family hints do not establish semantics or application uses.
spring.mechanism.unclassified	ANNOTATION_SEMANTICS_NOT_ADJUDICATED	DEPENDENCY_ARTIFACT	ARTIFACT	sha256:a0d2de9df7902edc5f6ae55e2936327bdeac177dbc5392906b8d36f3691fe121!org/springframework/context/annotation/PropertySource.class#sha256:4f2ddeb5fb28d794d6f0cb1d28ace32ee2181345a8c41b1031e005158cbc8eac	Review exact declaration metadata and semantic role against source and framework version.	Annotation declaration census only; family hints do not establish semantics or application uses.
spring.mechanism.unclassified	ANNOTATION_SEMANTICS_NOT_ADJUDICATED	DEPENDENCY_ARTIFACT	ARTIFACT	sha256:a0d2de9df7902edc5f6ae55e2936327bdeac177dbc5392906b8d36f3691fe121!org/springframework/context/annotation/PropertySources.class#sha256:ebbac382d3473557fa61de9cb23f2e0b4ae495078b0d76fa38e566a50f4dd2d0	Review exact declaration metadata and semantic role against source and framework version.	Annotation declaration census only; family hints do not establish semantics or application uses.
spring.mechanism.unclassified	ANNOTATION_SEMANTICS_NOT_ADJUDICATED	DEPENDENCY_ARTIFACT	ARTIFACT	sha256:a0d2de9df7902edc5f6ae55e2936327bdeac177dbc5392906b8d36f3691fe121!org/springframework/context/annotation/ReflectiveScan.class#sha256:37f46b12fd89a6a1b850fd75eb1ee76750cc3a645c09021ad3c088f7b99b19f3	Review exact declaration metadata and semantic role against source and framework version.	Annotation declaration census only; family hints do not establish semantics or application uses.
spring.mechanism.unclassified	ANNOTATION_SEMANTICS_NOT_ADJUDICATED	DEPENDENCY_ARTIFACT	ARTIFACT	sha256:a0d2de9df7902edc5f6ae55e2936327bdeac177dbc5392906b8d36f3691fe121!org/springframework/context/annotation/Role.class#sha256:1647c78a5f8940f4ca0d04f5cfc166a608965d7d6a54373f51fa8aaab93988fe	Review exact declaration metadata and semantic role against source and framework version.	Annotation declaration census only; family hints do not establish semantics or application uses.
spring.mechanism.unclassified	ANNOTATION_SEMANTICS_NOT_ADJUDICATED	DEPENDENCY_ARTIFACT	ARTIFACT	sha256:a0d2de9df7902edc5f6ae55e2936327bdeac177dbc5392906b8d36f3691fe121!org/springframework/context/annotation/Scope.class#sha256:c85210cbb2e331e782cda39c5b2b31d2bf2f9a317aba7c14b44b06ce6cb5407d	Review exact declaration metadata and semantic role against source and framework version.	Annotation declaration census only; family hints do not establish semantics or application uses.
spring.mechanism.unclassified	ANNOTATION_SEMANTICS_NOT_ADJUDICATED	DEPENDENCY_ARTIFACT	ARTIFACT	sha256:a0d2de9df7902edc5f6ae55e2936327bdeac177dbc5392906b8d36f3691fe121!org/springframework/context/event/EventListener.class#sha256:f13553b72a5e26b3e0081562349ba1c6d239317b560112e9918e0165f8c82d22	Review exact declaration metadata and semantic role against source and framework version.	Annotation declaration census only; family hints do not establish semantics or application uses.
spring.mechanism.unclassified	ANNOTATION_SEMANTICS_NOT_ADJUDICATED	DEPENDENCY_ARTIFACT	ARTIFACT	sha256:a0d2de9df7902edc5f6ae55e2936327bdeac177dbc5392906b8d36f3691fe121!org/springframework/format/annotation/DateTimeFormat.class#sha256:49bb5052263ceeba8118644733c65c0d6f20c501a15d2e7b9a17da54f436040c	Review exact declaration metadata and semantic role against source and framework version.	Annotation declaration census only; family hints do not establish semantics or application uses.
spring.mechanism.unclassified	ANNOTATION_SEMANTICS_NOT_ADJUDICATED	DEPENDENCY_ARTIFACT	ARTIFACT	sha256:a0d2de9df7902edc5f6ae55e2936327bdeac177dbc5392906b8d36f3691fe121!org/springframework/format/annotation/DurationFormat.class#sha256:b01f8ae2abb70a8bcd7aa7a0eabf4b57eac5cc14018efc464a269ce500a5ee08	Review exact declaration metadata and semantic role against source and framework version.	Annotation declaration census only; family hints do not establish semantics or application uses.
spring.mechanism.unclassified	ANNOTATION_SEMANTICS_NOT_ADJUDICATED	DEPENDENCY_ARTIFACT	ARTIFACT	sha256:a0d2de9df7902edc5f6ae55e2936327bdeac177dbc5392906b8d36f3691fe121!org/springframework/format/annotation/NumberFormat.class#sha256:212934e531a1494e137afe03a998ef2446c49adc6d4bb69092d8ca412fcda0cc	Review exact declaration metadata and semantic role against source and framework version.	Annotation declaration census only; family hints do not establish semantics or application uses.
spring.mechanism.unclassified	ANNOTATION_SEMANTICS_NOT_ADJUDICATED	DEPENDENCY_ARTIFACT	ARTIFACT	sha256:a0d2de9df7902edc5f6ae55e2936327bdeac177dbc5392906b8d36f3691fe121!org/springframework/jmx/export/annotation/ManagedAttribute.class#sha256:32e75e2e75ecb15ebf475bdfd84a71af403910b78074ff992be2999678b9e6cb	Review exact declaration metadata and semantic role against source and framework version.	Annotation declaration census only; family hints do not establish semantics or application uses.
spring.mechanism.unclassified	ANNOTATION_SEMANTICS_NOT_ADJUDICATED	DEPENDENCY_ARTIFACT	ARTIFACT	sha256:a0d2de9df7902edc5f6ae55e2936327bdeac177dbc5392906b8d36f3691fe121!org/springframework/jmx/export/annotation/ManagedMetric.class#sha256:121ad8889d630b5d887c5bbc1b48ca2e1a4e109a31aff6bc448cd544b1ceb23f	Review exact declaration metadata and semantic role against source and framework version.	Annotation declaration census only; family hints do not establish semantics or application uses.
spring.mechanism.unclassified	ANNOTATION_SEMANTICS_NOT_ADJUDICATED	DEPENDENCY_ARTIFACT	ARTIFACT	sha256:a0d2de9df7902edc5f6ae55e2936327bdeac177dbc5392906b8d36f3691fe121!org/springframework/jmx/export/annotation/ManagedNotification.class#sha256:722d570ab48c2bc38c9d9eb0690ece20b08a3102d778c967f6eb1a090eb43818	Review exact declaration metadata and semantic role against source and framework version.	Annotation declaration census only; family hints do not establish semantics or application uses.
spring.mechanism.unclassified	ANNOTATION_SEMANTICS_NOT_ADJUDICATED	DEPENDENCY_ARTIFACT	ARTIFACT	sha256:a0d2de9df7902edc5f6ae55e2936327bdeac177dbc5392906b8d36f3691fe121!org/springframework/jmx/export/annotation/ManagedNotifications.class#sha256:57883b0c9d289557ad19b18eae4985f0b658b97db6455916151b983d0c150c83	Review exact declaration metadata and semantic role against source and framework version.	Annotation declaration census only; family hints do not establish semantics or application uses.
spring.mechanism.unclassified	ANNOTATION_SEMANTICS_NOT_ADJUDICATED	DEPENDENCY_ARTIFACT	ARTIFACT	sha256:a0d2de9df7902edc5f6ae55e2936327bdeac177dbc5392906b8d36f3691fe121!org/springframework/jmx/export/annotation/ManagedOperation.class#sha256:f564de54c7a65d021505a75f1466c4cad642781653ee76a123f83d3c4c4eeff2	Review exact declaration metadata and semantic role against source and framework version.	Annotation declaration census only; family hints do not establish semantics or application uses.
spring.mechanism.unclassified	ANNOTATION_SEMANTICS_NOT_ADJUDICATED	DEPENDENCY_ARTIFACT	ARTIFACT	sha256:a0d2de9df7902edc5f6ae55e2936327bdeac177dbc5392906b8d36f3691fe121!org/springframework/jmx/export/annotation/ManagedOperationParameter.class#sha256:ad9d028d6519b60f8203f3c62703254a8a60f562bda8074b33c9a1eec0ee2df6	Review exact declaration metadata and semantic role against source and framework version.	Annotation declaration census only; family hints do not establish semantics or application uses.
spring.mechanism.unclassified	ANNOTATION_SEMANTICS_NOT_ADJUDICATED	DEPENDENCY_ARTIFACT	ARTIFACT	sha256:a0d2de9df7902edc5f6ae55e2936327bdeac177dbc5392906b8d36f3691fe121!org/springframework/jmx/export/annotation/ManagedOperationParameters.class#sha256:07272c311a0c23f12944c059fa9cccb69315a2746eb27fb3cc9f3db17cb36c43	Review exact declaration metadata and semantic role against source and framework version.	Annotation declaration census only; family hints do not establish semantics or application uses.
spring.mechanism.unclassified	ANNOTATION_SEMANTICS_NOT_ADJUDICATED	DEPENDENCY_ARTIFACT	ARTIFACT	sha256:a0d2de9df7902edc5f6ae55e2936327bdeac177dbc5392906b8d36f3691fe121!org/springframework/jmx/export/annotation/ManagedResource.class#sha256:48e208e3a563df385782c05729d48b848fc5f8f17adccfcaf9708531c442018f	Review exact declaration metadata and semantic role against source and framework version.	Annotation declaration census only; family hints do not establish semantics or application uses.
spring.mechanism.unclassified	ANNOTATION_SEMANTICS_NOT_ADJUDICATED	DEPENDENCY_ARTIFACT	ARTIFACT	sha256:a0d2de9df7902edc5f6ae55e2936327bdeac177dbc5392906b8d36f3691fe121!org/springframework/scheduling/annotation/Async.class#sha256:667ff286c1aa1d5c57cc5e25b043aa1ad589a9fbf3348620418b7467880d1520	Review exact declaration metadata and semantic role against source and framework version.	Annotation declaration census only; family hints do not establish semantics or application uses.
spring.mechanism.unclassified	ANNOTATION_SEMANTICS_NOT_ADJUDICATED	DEPENDENCY_ARTIFACT	ARTIFACT	sha256:a0d2de9df7902edc5f6ae55e2936327bdeac177dbc5392906b8d36f3691fe121!org/springframework/scheduling/annotation/EnableAsync.class#sha256:bc529f6aa88edf87dd596b16d4f449261aadf4fb58d066e5a45aaa307a834aee	Review exact declaration metadata and semantic role against source and framework version.	Annotation declaration census only; family hints do not establish semantics or application uses.
spring.mechanism.unclassified	ANNOTATION_SEMANTICS_NOT_ADJUDICATED	DEPENDENCY_ARTIFACT	ARTIFACT	sha256:a0d2de9df7902edc5f6ae55e2936327bdeac177dbc5392906b8d36f3691fe121!org/springframework/scheduling/annotation/EnableScheduling.class#sha256:44b90a147cb2a30b5b95b5c769d05e5b4a1f7875a193f84c7e36e05309a6a28a	Review exact declaration metadata and semantic role against source and framework version.	Annotation declaration census only; family hints do not establish semantics or application uses.
spring.mechanism.unclassified	ANNOTATION_SEMANTICS_NOT_ADJUDICATED	DEPENDENCY_ARTIFACT	ARTIFACT	sha256:a0d2de9df7902edc5f6ae55e2936327bdeac177dbc5392906b8d36f3691fe121!org/springframework/scheduling/annotation/Scheduled.class#sha256:f427fdb3928f0e686c581cd573675d67a9bba7d31135d48b0a859be2b9b84e0c	Review exact declaration metadata and semantic role against source and framework version.	Annotation declaration census only; family hints do not establish semantics or application uses.
spring.mechanism.unclassified	ANNOTATION_SEMANTICS_NOT_ADJUDICATED	DEPENDENCY_ARTIFACT	ARTIFACT	sha256:a0d2de9df7902edc5f6ae55e2936327bdeac177dbc5392906b8d36f3691fe121!org/springframework/scheduling/annotation/Schedules.class#sha256:7e45e9bafaff992251a002ce9b6871360aeab886b55efe4bb4a5f3c90d4402c3	Review exact declaration metadata and semantic role against source and framework version.	Annotation declaration census only; family hints do not establish semantics or application uses.
spring.mechanism.unclassified	ANNOTATION_SEMANTICS_NOT_ADJUDICATED	DEPENDENCY_ARTIFACT	ARTIFACT	sha256:a0d2de9df7902edc5f6ae55e2936327bdeac177dbc5392906b8d36f3691fe121!org/springframework/stereotype/Component.class#sha256:630323a5cd2c868b42d3b30c50624212da62426af228405691b3e7d21c1cfcb5	Review exact declaration metadata and semantic role against source and framework version.	Annotation declaration census only; family hints do not establish semantics or application uses.
spring.mechanism.unclassified	ANNOTATION_SEMANTICS_NOT_ADJUDICATED	DEPENDENCY_ARTIFACT	ARTIFACT	sha256:a0d2de9df7902edc5f6ae55e2936327bdeac177dbc5392906b8d36f3691fe121!org/springframework/stereotype/Controller.class#sha256:9086aedd704b81f04403d266160d9f35c4e1a115f4a4bd4775e66e3d4e0fdcc2	Review exact declaration metadata and semantic role against source and framework version.	Annotation declaration census only; family hints do not establish semantics or application uses.
spring.mechanism.unclassified	ANNOTATION_SEMANTICS_NOT_ADJUDICATED	DEPENDENCY_ARTIFACT	ARTIFACT	sha256:a0d2de9df7902edc5f6ae55e2936327bdeac177dbc5392906b8d36f3691fe121!org/springframework/stereotype/Indexed.class#sha256:987bf58fbad72221e8e143c8b19a941bf0a1a5f261370c1dc17303b6ca70e314	Review exact declaration metadata and semantic role against source and framework version.	Annotation declaration census only; family hints do not establish semantics or application uses.
spring.mechanism.unclassified	ANNOTATION_SEMANTICS_NOT_ADJUDICATED	DEPENDENCY_ARTIFACT	ARTIFACT	sha256:a0d2de9df7902edc5f6ae55e2936327bdeac177dbc5392906b8d36f3691fe121!org/springframework/stereotype/Repository.class#sha256:5ce2e74793f2ade0aa6a308b72481cce1679414d16ca3ce043acd623150bc98c	Review exact declaration metadata and semantic role against source and framework version.	Annotation declaration census only; family hints do not establish semantics or application uses.
spring.mechanism.unclassified	ANNOTATION_SEMANTICS_NOT_ADJUDICATED	DEPENDENCY_ARTIFACT	ARTIFACT	sha256:a0d2de9df7902edc5f6ae55e2936327bdeac177dbc5392906b8d36f3691fe121!org/springframework/stereotype/Service.class#sha256:c5697314d75df4973589762a6a29a62555c5ddefd2d605389114e1c7d96d81b0	Review exact declaration metadata and semantic role against source and framework version.	Annotation declaration census only; family hints do not establish semantics or application uses.
spring.mechanism.unclassified	ANNOTATION_SEMANTICS_NOT_ADJUDICATED	DEPENDENCY_ARTIFACT	ARTIFACT	sha256:a0d2de9df7902edc5f6ae55e2936327bdeac177dbc5392906b8d36f3691fe121!org/springframework/validation/annotation/Validated.class#sha256:79fff1d95e7a9868a965f77ea7ac21d63dbdf15a55b6f24e32a470e617a0ef99	Review exact declaration metadata and semantic role against source and framework version.	Annotation declaration census only; family hints do not establish semantics or application uses.
spring.mechanism.unclassified	ANNOTATION_SEMANTICS_NOT_ADJUDICATED	DEPENDENCY_ARTIFACT	ARTIFACT	sha256:a8d6d99003d0a28049cba4273afbcfc64e1107ee3c33f67935853e9711544aa7!org/springframework/beans/factory/annotation/Autowired.class#sha256:b0656a7e5ff16fb8b4963e8affef208ccc4e98957901ee5ab463a49a87188bde	Review exact declaration metadata and semantic role against source and framework version.	Annotation declaration census only; family hints do not establish semantics or application uses.
spring.mechanism.unclassified	ANNOTATION_SEMANTICS_NOT_ADJUDICATED	DEPENDENCY_ARTIFACT	ARTIFACT	sha256:a8d6d99003d0a28049cba4273afbcfc64e1107ee3c33f67935853e9711544aa7!org/springframework/beans/factory/annotation/Configurable.class#sha256:41f81cb414db701cfbd19a442b99ca2bc2b86f10bdc7e8c6f4afaaf86c8baf07	Review exact declaration metadata and semantic role against source and framework version.	Annotation declaration census only; family hints do not establish semantics or application uses.
spring.mechanism.unclassified	ANNOTATION_SEMANTICS_NOT_ADJUDICATED	DEPENDENCY_ARTIFACT	ARTIFACT	sha256:a8d6d99003d0a28049cba4273afbcfc64e1107ee3c33f67935853e9711544aa7!org/springframework/beans/factory/annotation/Lookup.class#sha256:56374ae68bf7c7bda0e1c09571cae432d1e0f245ae01267562dca889fd5de480	Review exact declaration metadata and semantic role against source and framework version.	Annotation declaration census only; family hints do not establish semantics or application uses.
spring.mechanism.unclassified	ANNOTATION_SEMANTICS_NOT_ADJUDICATED	DEPENDENCY_ARTIFACT	ARTIFACT	sha256:a8d6d99003d0a28049cba4273afbcfc64e1107ee3c33f67935853e9711544aa7!org/springframework/beans/factory/annotation/Qualifier.class#sha256:3dba5ab3919f0ec745b8f248f0e2da0a5012d3aa33c138611cb25f5b69ceccee	Review exact declaration metadata and semantic role against source and framework version.	Annotation declaration census only; family hints do not establish semantics or application uses.
spring.mechanism.unclassified	ANNOTATION_SEMANTICS_NOT_ADJUDICATED	DEPENDENCY_ARTIFACT	ARTIFACT	sha256:a8d6d99003d0a28049cba4273afbcfc64e1107ee3c33f67935853e9711544aa7!org/springframework/beans/factory/annotation/Required.class#sha256:ed1b432376aceefa0f5505f6a3ef03d902574b5cfcc66d0802bc35f33b87d80b	Review exact declaration metadata and semantic role against source and framework version.	Annotation declaration census only; family hints do not establish semantics or application uses.
spring.mechanism.unclassified	ANNOTATION_SEMANTICS_NOT_ADJUDICATED	DEPENDENCY_ARTIFACT	ARTIFACT	sha256:a8d6d99003d0a28049cba4273afbcfc64e1107ee3c33f67935853e9711544aa7!org/springframework/beans/factory/annotation/Value.class#sha256:7f5edd7ebf4a1be2f445a3ca50b45ee7d5d403e6ee5e6f8cc2e29f3c18dbe2ed	Review exact declaration metadata and semantic role against source and framework version.	Annotation declaration census only; family hints do not establish semantics or application uses.
spring.mechanism.unclassified	ANNOTATION_SEMANTICS_NOT_ADJUDICATED	DEPENDENCY_ARTIFACT	ARTIFACT	sha256:da76b53f6a20f09b38052a300435f3245780d30deb46ec5dd75314cda06fd365!org/springframework/cache/annotation/CacheConfig.class#sha256:09720af04fd3092814687cd56ab300f0930375e2c8c8908120e1b0bbd3a64f47	Review exact declaration metadata and semantic role against source and framework version.	Annotation declaration census only; family hints do not establish semantics or application uses.
spring.mechanism.unclassified	ANNOTATION_SEMANTICS_NOT_ADJUDICATED	DEPENDENCY_ARTIFACT	ARTIFACT	sha256:da76b53f6a20f09b38052a300435f3245780d30deb46ec5dd75314cda06fd365!org/springframework/cache/annotation/CacheEvict.class#sha256:a8f66474a299c33dd327db9739d78f024888a998d00b3816e40ae3b8487255b4	Review exact declaration metadata and semantic role against source and framework version.	Annotation declaration census only; family hints do not establish semantics or application uses.
spring.mechanism.unclassified	ANNOTATION_SEMANTICS_NOT_ADJUDICATED	DEPENDENCY_ARTIFACT	ARTIFACT	sha256:da76b53f6a20f09b38052a300435f3245780d30deb46ec5dd75314cda06fd365!org/springframework/cache/annotation/CachePut.class#sha256:1b803aa0a8013840798ca51eada090f12f18ef2c41f9dd754c68ebe87814908b	Review exact declaration metadata and semantic role against source and framework version.	Annotation declaration census only; family hints do not establish semantics or application uses.
spring.mechanism.unclassified	ANNOTATION_SEMANTICS_NOT_ADJUDICATED	DEPENDENCY_ARTIFACT	ARTIFACT	sha256:da76b53f6a20f09b38052a300435f3245780d30deb46ec5dd75314cda06fd365!org/springframework/cache/annotation/Cacheable.class#sha256:791058b5e9e02de0ad5b676f3064cfb2374c22bde036f0cec29414ebb6b74ef4	Review exact declaration metadata and semantic role against source and framework version.	Annotation declaration census only; family hints do not establish semantics or application uses.
spring.mechanism.unclassified	ANNOTATION_SEMANTICS_NOT_ADJUDICATED	DEPENDENCY_ARTIFACT	ARTIFACT	sha256:da76b53f6a20f09b38052a300435f3245780d30deb46ec5dd75314cda06fd365!org/springframework/cache/annotation/Caching.class#sha256:45ab29115be4c6c14dd7d6a5f9fc346a006d2818aa7757d9c24d4f2452755d1b	Review exact declaration metadata and semantic role against source and framework version.	Annotation declaration census only; family hints do not establish semantics or application uses.
spring.mechanism.unclassified	ANNOTATION_SEMANTICS_NOT_ADJUDICATED	DEPENDENCY_ARTIFACT	ARTIFACT	sha256:da76b53f6a20f09b38052a300435f3245780d30deb46ec5dd75314cda06fd365!org/springframework/cache/annotation/EnableCaching.class#sha256:41cdb7532b368096c0b9dc500465c8399eb29527c4209a5929a21c47fa7b63c4	Review exact declaration metadata and semantic role against source and framework version.	Annotation declaration census only; family hints do not establish semantics or application uses.
spring.mechanism.unclassified	ANNOTATION_SEMANTICS_NOT_ADJUDICATED	DEPENDENCY_ARTIFACT	ARTIFACT	sha256:da76b53f6a20f09b38052a300435f3245780d30deb46ec5dd75314cda06fd365!org/springframework/context/annotation/Bean.class#sha256:8bad1f0e96541ff9339b42de7eef18eef26228db976cacb09209dbcbef2ef8d8	Review exact declaration metadata and semantic role against source and framework version.	Annotation declaration census only; family hints do not establish semantics or application uses.
spring.mechanism.unclassified	ANNOTATION_SEMANTICS_NOT_ADJUDICATED	DEPENDENCY_ARTIFACT	ARTIFACT	sha256:da76b53f6a20f09b38052a300435f3245780d30deb46ec5dd75314cda06fd365!org/springframework/context/annotation/ComponentScan$Filter.class#sha256:2d4f5a60c61279d19a44510dd9749d3ab43a3cedb516b2c98b29935584bd9be6	Review exact declaration metadata and semantic role against source and framework version.	Annotation declaration census only; family hints do not establish semantics or application uses.
spring.mechanism.unclassified	ANNOTATION_SEMANTICS_NOT_ADJUDICATED	DEPENDENCY_ARTIFACT	ARTIFACT	sha256:da76b53f6a20f09b38052a300435f3245780d30deb46ec5dd75314cda06fd365!org/springframework/context/annotation/ComponentScan.class#sha256:94544dccdcdd4657254a39e913e52b8072f1367420928b33052a2bd1b9e82199	Review exact declaration metadata and semantic role against source and framework version.	Annotation declaration census only; family hints do not establish semantics or application uses.
spring.mechanism.unclassified	ANNOTATION_SEMANTICS_NOT_ADJUDICATED	DEPENDENCY_ARTIFACT	ARTIFACT	sha256:da76b53f6a20f09b38052a300435f3245780d30deb46ec5dd75314cda06fd365!org/springframework/context/annotation/ComponentScans.class#sha256:73a2685dadf1c1d15d0fc13d78474bf23ed41d48fbe4fa9c2b10435870528a5a	Review exact declaration metadata and semantic role against source and framework version.	Annotation declaration census only; family hints do not establish semantics or application uses.
spring.mechanism.unclassified	ANNOTATION_SEMANTICS_NOT_ADJUDICATED	DEPENDENCY_ARTIFACT	ARTIFACT	sha256:da76b53f6a20f09b38052a300435f3245780d30deb46ec5dd75314cda06fd365!org/springframework/context/annotation/Conditional.class#sha256:350146b3e9c181c4c1a284547c541e47bf3561714bf30ef6ad948128027d68d2	Review exact declaration metadata and semantic role against source and framework version.	Annotation declaration census only; family hints do not establish semantics or application uses.
spring.mechanism.unclassified	ANNOTATION_SEMANTICS_NOT_ADJUDICATED	DEPENDENCY_ARTIFACT	ARTIFACT	sha256:da76b53f6a20f09b38052a300435f3245780d30deb46ec5dd75314cda06fd365!org/springframework/context/annotation/Configuration.class#sha256:bd9d251980123ac4607b377c92aabec9097b1c7f9e0da7b59cdb3c72ab4c2fe1	Review exact declaration metadata and semantic role against source and framework version.	Annotation declaration census only; family hints do not establish semantics or application uses.
spring.mechanism.unclassified	ANNOTATION_SEMANTICS_NOT_ADJUDICATED	DEPENDENCY_ARTIFACT	ARTIFACT	sha256:da76b53f6a20f09b38052a300435f3245780d30deb46ec5dd75314cda06fd365!org/springframework/context/annotation/DependsOn.class#sha256:c7f83cedebd221bb274776bc4c823ebbdd72576a7d2666b77513cb4c8371ac6a	Review exact declaration metadata and semantic role against source and framework version.	Annotation declaration census only; family hints do not establish semantics or application uses.
spring.mechanism.unclassified	ANNOTATION_SEMANTICS_NOT_ADJUDICATED	DEPENDENCY_ARTIFACT	ARTIFACT	sha256:da76b53f6a20f09b38052a300435f3245780d30deb46ec5dd75314cda06fd365!org/springframework/context/annotation/Description.class#sha256:d3e558a8b7d03139c94c8182353f915c7deb7d12065c817b74f4ad3f522a77b1	Review exact declaration metadata and semantic role against source and framework version.	Annotation declaration census only; family hints do not establish semantics or application uses.
spring.mechanism.unclassified	ANNOTATION_SEMANTICS_NOT_ADJUDICATED	DEPENDENCY_ARTIFACT	ARTIFACT	sha256:da76b53f6a20f09b38052a300435f3245780d30deb46ec5dd75314cda06fd365!org/springframework/context/annotation/EnableAspectJAutoProxy.class#sha256:ad1e0982b951a18bc1b3739e3720686539b26cc8477a4c6702e50315c9f15301	Review exact declaration metadata and semantic role against source and framework version.	Annotation declaration census only; family hints do not establish semantics or application uses.
spring.mechanism.unclassified	ANNOTATION_SEMANTICS_NOT_ADJUDICATED	DEPENDENCY_ARTIFACT	ARTIFACT	sha256:da76b53f6a20f09b38052a300435f3245780d30deb46ec5dd75314cda06fd365!org/springframework/context/annotation/EnableLoadTimeWeaving.class#sha256:1fc9791bf9f93aed59692448d508ba830be96c5addde8dde8dea95ad8127bf67	Review exact declaration metadata and semantic role against source and framework version.	Annotation declaration census only; family hints do not establish semantics or application uses.
spring.mechanism.unclassified	ANNOTATION_SEMANTICS_NOT_ADJUDICATED	DEPENDENCY_ARTIFACT	ARTIFACT	sha256:da76b53f6a20f09b38052a300435f3245780d30deb46ec5dd75314cda06fd365!org/springframework/context/annotation/EnableMBeanExport.class#sha256:6f088f050f5ae7f590232dab886d17bd46bb9765dafe2578e2323080056f0ff9	Review exact declaration metadata and semantic role against source and framework version.	Annotation declaration census only; family hints do not establish semantics or application uses.
spring.mechanism.unclassified	ANNOTATION_SEMANTICS_NOT_ADJUDICATED	DEPENDENCY_ARTIFACT	ARTIFACT	sha256:da76b53f6a20f09b38052a300435f3245780d30deb46ec5dd75314cda06fd365!org/springframework/context/annotation/Import.class#sha256:d90d17c57d8fe4ac6fda83c3f26a73d73cd71127ab12626ec78e50dc744db7af	Review exact declaration metadata and semantic role against source and framework version.	Annotation declaration census only; family hints do not establish semantics or application uses.
spring.mechanism.unclassified	ANNOTATION_SEMANTICS_NOT_ADJUDICATED	DEPENDENCY_ARTIFACT	ARTIFACT	sha256:da76b53f6a20f09b38052a300435f3245780d30deb46ec5dd75314cda06fd365!org/springframework/context/annotation/ImportResource.class#sha256:b0fc87a3641670dd7966e11361988d3edf69f360a057e0f6eacaa0e8071f65f6	Review exact declaration metadata and semantic role against source and framework version.	Annotation declaration census only; family hints do not establish semantics or application uses.
spring.mechanism.unclassified	ANNOTATION_SEMANTICS_NOT_ADJUDICATED	DEPENDENCY_ARTIFACT	ARTIFACT	sha256:da76b53f6a20f09b38052a300435f3245780d30deb46ec5dd75314cda06fd365!org/springframework/context/annotation/ImportRuntimeHints.class#sha256:88500265219c86cc97fb5886d28261cbbd4dcf948ecff0770259918720d71469	Review exact declaration metadata and semantic role against source and framework version.	Annotation declaration census only; family hints do not establish semantics or application uses.
spring.mechanism.unclassified	ANNOTATION_SEMANTICS_NOT_ADJUDICATED	DEPENDENCY_ARTIFACT	ARTIFACT	sha256:da76b53f6a20f09b38052a300435f3245780d30deb46ec5dd75314cda06fd365!org/springframework/context/annotation/Lazy.class#sha256:b094e6bf3035e70585df0a95c1d9f2c567fceb5fabf3f7a681e18e6a15df9ea2	Review exact declaration metadata and semantic role against source and framework version.	Annotation declaration census only; family hints do not establish semantics or application uses.
spring.mechanism.unclassified	ANNOTATION_SEMANTICS_NOT_ADJUDICATED	DEPENDENCY_ARTIFACT	ARTIFACT	sha256:da76b53f6a20f09b38052a300435f3245780d30deb46ec5dd75314cda06fd365!org/springframework/context/annotation/Primary.class#sha256:d5a1c7567b7b8e6fed079955965caad74800672ceeeec3b9f3d174decdea46c8	Review exact declaration metadata and semantic role against source and framework version.	Annotation declaration census only; family hints do not establish semantics or application uses.
spring.mechanism.unclassified	ANNOTATION_SEMANTICS_NOT_ADJUDICATED	DEPENDENCY_ARTIFACT	ARTIFACT	sha256:da76b53f6a20f09b38052a300435f3245780d30deb46ec5dd75314cda06fd365!org/springframework/context/annotation/Profile.class#sha256:85eb01c6f99c65d5d7d9a5de0feee20495d9aeaa8e1887213219b198040443da	Review exact declaration metadata and semantic role against source and framework version.	Annotation declaration census only; family hints do not establish semantics or application uses.
spring.mechanism.unclassified	ANNOTATION_SEMANTICS_NOT_ADJUDICATED	DEPENDENCY_ARTIFACT	ARTIFACT	sha256:da76b53f6a20f09b38052a300435f3245780d30deb46ec5dd75314cda06fd365!org/springframework/context/annotation/PropertySource.class#sha256:4f2ddeb5fb28d794d6f0cb1d28ace32ee2181345a8c41b1031e005158cbc8eac	Review exact declaration metadata and semantic role against source and framework version.	Annotation declaration census only; family hints do not establish semantics or application uses.
spring.mechanism.unclassified	ANNOTATION_SEMANTICS_NOT_ADJUDICATED	DEPENDENCY_ARTIFACT	ARTIFACT	sha256:da76b53f6a20f09b38052a300435f3245780d30deb46ec5dd75314cda06fd365!org/springframework/context/annotation/PropertySources.class#sha256:ebbac382d3473557fa61de9cb23f2e0b4ae495078b0d76fa38e566a50f4dd2d0	Review exact declaration metadata and semantic role against source and framework version.	Annotation declaration census only; family hints do not establish semantics or application uses.
spring.mechanism.unclassified	ANNOTATION_SEMANTICS_NOT_ADJUDICATED	DEPENDENCY_ARTIFACT	ARTIFACT	sha256:da76b53f6a20f09b38052a300435f3245780d30deb46ec5dd75314cda06fd365!org/springframework/context/annotation/Role.class#sha256:1647c78a5f8940f4ca0d04f5cfc166a608965d7d6a54373f51fa8aaab93988fe	Review exact declaration metadata and semantic role against source and framework version.	Annotation declaration census only; family hints do not establish semantics or application uses.
spring.mechanism.unclassified	ANNOTATION_SEMANTICS_NOT_ADJUDICATED	DEPENDENCY_ARTIFACT	ARTIFACT	sha256:da76b53f6a20f09b38052a300435f3245780d30deb46ec5dd75314cda06fd365!org/springframework/context/annotation/Scope.class#sha256:c85210cbb2e331e782cda39c5b2b31d2bf2f9a317aba7c14b44b06ce6cb5407d	Review exact declaration metadata and semantic role against source and framework version.	Annotation declaration census only; family hints do not establish semantics or application uses.
spring.mechanism.unclassified	ANNOTATION_SEMANTICS_NOT_ADJUDICATED	DEPENDENCY_ARTIFACT	ARTIFACT	sha256:da76b53f6a20f09b38052a300435f3245780d30deb46ec5dd75314cda06fd365!org/springframework/context/event/EventListener.class#sha256:aaba7bf7b467bae2404246a8bacd78af18a4a5e80c6ea8fffaf2811915cdda23	Review exact declaration metadata and semantic role against source and framework version.	Annotation declaration census only; family hints do not establish semantics or application uses.
spring.mechanism.unclassified	ANNOTATION_SEMANTICS_NOT_ADJUDICATED	DEPENDENCY_ARTIFACT	ARTIFACT	sha256:da76b53f6a20f09b38052a300435f3245780d30deb46ec5dd75314cda06fd365!org/springframework/format/annotation/DateTimeFormat.class#sha256:49bb5052263ceeba8118644733c65c0d6f20c501a15d2e7b9a17da54f436040c	Review exact declaration metadata and semantic role against source and framework version.	Annotation declaration census only; family hints do not establish semantics or application uses.
spring.mechanism.unclassified	ANNOTATION_SEMANTICS_NOT_ADJUDICATED	DEPENDENCY_ARTIFACT	ARTIFACT	sha256:da76b53f6a20f09b38052a300435f3245780d30deb46ec5dd75314cda06fd365!org/springframework/format/annotation/NumberFormat.class#sha256:212934e531a1494e137afe03a998ef2446c49adc6d4bb69092d8ca412fcda0cc	Review exact declaration metadata and semantic role against source and framework version.	Annotation declaration census only; family hints do not establish semantics or application uses.
spring.mechanism.unclassified	ANNOTATION_SEMANTICS_NOT_ADJUDICATED	DEPENDENCY_ARTIFACT	ARTIFACT	sha256:da76b53f6a20f09b38052a300435f3245780d30deb46ec5dd75314cda06fd365!org/springframework/jmx/export/annotation/ManagedAttribute.class#sha256:32e75e2e75ecb15ebf475bdfd84a71af403910b78074ff992be2999678b9e6cb	Review exact declaration metadata and semantic role against source and framework version.	Annotation declaration census only; family hints do not establish semantics or application uses.
spring.mechanism.unclassified	ANNOTATION_SEMANTICS_NOT_ADJUDICATED	DEPENDENCY_ARTIFACT	ARTIFACT	sha256:da76b53f6a20f09b38052a300435f3245780d30deb46ec5dd75314cda06fd365!org/springframework/jmx/export/annotation/ManagedMetric.class#sha256:121ad8889d630b5d887c5bbc1b48ca2e1a4e109a31aff6bc448cd544b1ceb23f	Review exact declaration metadata and semantic role against source and framework version.	Annotation declaration census only; family hints do not establish semantics or application uses.
spring.mechanism.unclassified	ANNOTATION_SEMANTICS_NOT_ADJUDICATED	DEPENDENCY_ARTIFACT	ARTIFACT	sha256:da76b53f6a20f09b38052a300435f3245780d30deb46ec5dd75314cda06fd365!org/springframework/jmx/export/annotation/ManagedNotification.class#sha256:722d570ab48c2bc38c9d9eb0690ece20b08a3102d778c967f6eb1a090eb43818	Review exact declaration metadata and semantic role against source and framework version.	Annotation declaration census only; family hints do not establish semantics or application uses.
spring.mechanism.unclassified	ANNOTATION_SEMANTICS_NOT_ADJUDICATED	DEPENDENCY_ARTIFACT	ARTIFACT	sha256:da76b53f6a20f09b38052a300435f3245780d30deb46ec5dd75314cda06fd365!org/springframework/jmx/export/annotation/ManagedNotifications.class#sha256:57883b0c9d289557ad19b18eae4985f0b658b97db6455916151b983d0c150c83	Review exact declaration metadata and semantic role against source and framework version.	Annotation declaration census only; family hints do not establish semantics or application uses.
spring.mechanism.unclassified	ANNOTATION_SEMANTICS_NOT_ADJUDICATED	DEPENDENCY_ARTIFACT	ARTIFACT	sha256:da76b53f6a20f09b38052a300435f3245780d30deb46ec5dd75314cda06fd365!org/springframework/jmx/export/annotation/ManagedOperation.class#sha256:f564de54c7a65d021505a75f1466c4cad642781653ee76a123f83d3c4c4eeff2	Review exact declaration metadata and semantic role against source and framework version.	Annotation declaration census only; family hints do not establish semantics or application uses.
spring.mechanism.unclassified	ANNOTATION_SEMANTICS_NOT_ADJUDICATED	DEPENDENCY_ARTIFACT	ARTIFACT	sha256:da76b53f6a20f09b38052a300435f3245780d30deb46ec5dd75314cda06fd365!org/springframework/jmx/export/annotation/ManagedOperationParameter.class#sha256:ad9d028d6519b60f8203f3c62703254a8a60f562bda8074b33c9a1eec0ee2df6	Review exact declaration metadata and semantic role against source and framework version.	Annotation declaration census only; family hints do not establish semantics or application uses.
spring.mechanism.unclassified	ANNOTATION_SEMANTICS_NOT_ADJUDICATED	DEPENDENCY_ARTIFACT	ARTIFACT	sha256:da76b53f6a20f09b38052a300435f3245780d30deb46ec5dd75314cda06fd365!org/springframework/jmx/export/annotation/ManagedOperationParameters.class#sha256:07272c311a0c23f12944c059fa9cccb69315a2746eb27fb3cc9f3db17cb36c43	Review exact declaration metadata and semantic role against source and framework version.	Annotation declaration census only; family hints do not establish semantics or application uses.
spring.mechanism.unclassified	ANNOTATION_SEMANTICS_NOT_ADJUDICATED	DEPENDENCY_ARTIFACT	ARTIFACT	sha256:da76b53f6a20f09b38052a300435f3245780d30deb46ec5dd75314cda06fd365!org/springframework/jmx/export/annotation/ManagedResource.class#sha256:48e208e3a563df385782c05729d48b848fc5f8f17adccfcaf9708531c442018f	Review exact declaration metadata and semantic role against source and framework version.	Annotation declaration census only; family hints do not establish semantics or application uses.
spring.mechanism.unclassified	ANNOTATION_SEMANTICS_NOT_ADJUDICATED	DEPENDENCY_ARTIFACT	ARTIFACT	sha256:da76b53f6a20f09b38052a300435f3245780d30deb46ec5dd75314cda06fd365!org/springframework/scheduling/annotation/Async.class#sha256:667ff286c1aa1d5c57cc5e25b043aa1ad589a9fbf3348620418b7467880d1520	Review exact declaration metadata and semantic role against source and framework version.	Annotation declaration census only; family hints do not establish semantics or application uses.
spring.mechanism.unclassified	ANNOTATION_SEMANTICS_NOT_ADJUDICATED	DEPENDENCY_ARTIFACT	ARTIFACT	sha256:da76b53f6a20f09b38052a300435f3245780d30deb46ec5dd75314cda06fd365!org/springframework/scheduling/annotation/EnableAsync.class#sha256:bc529f6aa88edf87dd596b16d4f449261aadf4fb58d066e5a45aaa307a834aee	Review exact declaration metadata and semantic role against source and framework version.	Annotation declaration census only; family hints do not establish semantics or application uses.
spring.mechanism.unclassified	ANNOTATION_SEMANTICS_NOT_ADJUDICATED	DEPENDENCY_ARTIFACT	ARTIFACT	sha256:da76b53f6a20f09b38052a300435f3245780d30deb46ec5dd75314cda06fd365!org/springframework/scheduling/annotation/EnableScheduling.class#sha256:44b90a147cb2a30b5b95b5c769d05e5b4a1f7875a193f84c7e36e05309a6a28a	Review exact declaration metadata and semantic role against source and framework version.	Annotation declaration census only; family hints do not establish semantics or application uses.
spring.mechanism.unclassified	ANNOTATION_SEMANTICS_NOT_ADJUDICATED	DEPENDENCY_ARTIFACT	ARTIFACT	sha256:da76b53f6a20f09b38052a300435f3245780d30deb46ec5dd75314cda06fd365!org/springframework/scheduling/annotation/Scheduled.class#sha256:f427fdb3928f0e686c581cd573675d67a9bba7d31135d48b0a859be2b9b84e0c	Review exact declaration metadata and semantic role against source and framework version.	Annotation declaration census only; family hints do not establish semantics or application uses.
spring.mechanism.unclassified	ANNOTATION_SEMANTICS_NOT_ADJUDICATED	DEPENDENCY_ARTIFACT	ARTIFACT	sha256:da76b53f6a20f09b38052a300435f3245780d30deb46ec5dd75314cda06fd365!org/springframework/scheduling/annotation/Schedules.class#sha256:7e45e9bafaff992251a002ce9b6871360aeab886b55efe4bb4a5f3c90d4402c3	Review exact declaration metadata and semantic role against source and framework version.	Annotation declaration census only; family hints do not establish semantics or application uses.
spring.mechanism.unclassified	ANNOTATION_SEMANTICS_NOT_ADJUDICATED	DEPENDENCY_ARTIFACT	ARTIFACT	sha256:da76b53f6a20f09b38052a300435f3245780d30deb46ec5dd75314cda06fd365!org/springframework/stereotype/Component.class#sha256:630323a5cd2c868b42d3b30c50624212da62426af228405691b3e7d21c1cfcb5	Review exact declaration metadata and semantic role against source and framework version.	Annotation declaration census only; family hints do not establish semantics or application uses.
spring.mechanism.unclassified	ANNOTATION_SEMANTICS_NOT_ADJUDICATED	DEPENDENCY_ARTIFACT	ARTIFACT	sha256:da76b53f6a20f09b38052a300435f3245780d30deb46ec5dd75314cda06fd365!org/springframework/stereotype/Controller.class#sha256:9086aedd704b81f04403d266160d9f35c4e1a115f4a4bd4775e66e3d4e0fdcc2	Review exact declaration metadata and semantic role against source and framework version.	Annotation declaration census only; family hints do not establish semantics or application uses.
spring.mechanism.unclassified	ANNOTATION_SEMANTICS_NOT_ADJUDICATED	DEPENDENCY_ARTIFACT	ARTIFACT	sha256:da76b53f6a20f09b38052a300435f3245780d30deb46ec5dd75314cda06fd365!org/springframework/stereotype/Indexed.class#sha256:987bf58fbad72221e8e143c8b19a941bf0a1a5f261370c1dc17303b6ca70e314	Review exact declaration metadata and semantic role against source and framework version.	Annotation declaration census only; family hints do not establish semantics or application uses.
spring.mechanism.unclassified	ANNOTATION_SEMANTICS_NOT_ADJUDICATED	DEPENDENCY_ARTIFACT	ARTIFACT	sha256:da76b53f6a20f09b38052a300435f3245780d30deb46ec5dd75314cda06fd365!org/springframework/stereotype/Repository.class#sha256:5ce2e74793f2ade0aa6a308b72481cce1679414d16ca3ce043acd623150bc98c	Review exact declaration metadata and semantic role against source and framework version.	Annotation declaration census only; family hints do not establish semantics or application uses.
spring.mechanism.unclassified	ANNOTATION_SEMANTICS_NOT_ADJUDICATED	DEPENDENCY_ARTIFACT	ARTIFACT	sha256:da76b53f6a20f09b38052a300435f3245780d30deb46ec5dd75314cda06fd365!org/springframework/stereotype/Service.class#sha256:c5697314d75df4973589762a6a29a62555c5ddefd2d605389114e1c7d96d81b0	Review exact declaration metadata and semantic role against source and framework version.	Annotation declaration census only; family hints do not establish semantics or application uses.
spring.mechanism.unclassified	ANNOTATION_SEMANTICS_NOT_ADJUDICATED	DEPENDENCY_ARTIFACT	ARTIFACT	sha256:da76b53f6a20f09b38052a300435f3245780d30deb46ec5dd75314cda06fd365!org/springframework/validation/annotation/Validated.class#sha256:79fff1d95e7a9868a965f77ea7ac21d63dbdf15a55b6f24e32a470e617a0ef99	Review exact declaration metadata and semantic role against source and framework version.	Annotation declaration census only; family hints do not establish semantics or application uses.
spring.mechanism.unclassified	ANNOTATION_SEMANTICS_NOT_ADJUDICATED	DEPENDENCY_ARTIFACT	ARTIFACT	sha256:dea6332c2fa49ce2c724c78e3e57e41417dab50c82f1ccb5bfb22cc993290609!org/springframework/boot/SpringBootConfiguration.class#sha256:7aa6fa4854c5f84c8fa98fdd43a3e4ae63761e56f3f8b4a335d5f93c098907cf	Review exact declaration metadata and semantic role against source and framework version.	Annotation declaration census only; family hints do not establish semantics or application uses.
spring.mechanism.unclassified	ANNOTATION_SEMANTICS_NOT_ADJUDICATED	DEPENDENCY_ARTIFACT	ARTIFACT	sha256:dea6332c2fa49ce2c724c78e3e57e41417dab50c82f1ccb5bfb22cc993290609!org/springframework/boot/context/properties/ConfigurationProperties.class#sha256:cb30d4e01f94f6081c5e43fe6137a8a846ea49091f33cc8422d353e098a8a284	Review exact declaration metadata and semantic role against source and framework version.	Annotation declaration census only; family hints do not establish semantics or application uses.
spring.mechanism.unclassified	ANNOTATION_SEMANTICS_NOT_ADJUDICATED	DEPENDENCY_ARTIFACT	ARTIFACT	sha256:dea6332c2fa49ce2c724c78e3e57e41417dab50c82f1ccb5bfb22cc993290609!org/springframework/boot/context/properties/ConfigurationPropertiesBinding.class#sha256:473bad5468f60fa8a02100fb451919a0582cae85db9aed3b7f146e4882f5979b	Review exact declaration metadata and semantic role against source and framework version.	Annotation declaration census only; family hints do not establish semantics or application uses.
spring.mechanism.unclassified	ANNOTATION_SEMANTICS_NOT_ADJUDICATED	DEPENDENCY_ARTIFACT	ARTIFACT	sha256:dea6332c2fa49ce2c724c78e3e57e41417dab50c82f1ccb5bfb22cc993290609!org/springframework/boot/context/properties/ConfigurationPropertiesScan.class#sha256:7089c9d04051bcb0ef9b5df69bec2a5309ea920ab2f40d3cc89e56cbb769d2a9	Review exact declaration metadata and semantic role against source and framework version.	Annotation declaration census only; family hints do not establish semantics or application uses.
spring.mechanism.unclassified	ANNOTATION_SEMANTICS_NOT_ADJUDICATED	DEPENDENCY_ARTIFACT	ARTIFACT	sha256:dea6332c2fa49ce2c724c78e3e57e41417dab50c82f1ccb5bfb22cc993290609!org/springframework/boot/context/properties/DeprecatedConfigurationProperty.class#sha256:611d5d309e1076188806490917e6eb153bda9a384721b1f2bf4fa0d16e68cb1c	Review exact declaration metadata and semantic role against source and framework version.	Annotation declaration census only; family hints do not establish semantics or application uses.
spring.mechanism.unclassified	ANNOTATION_SEMANTICS_NOT_ADJUDICATED	DEPENDENCY_ARTIFACT	ARTIFACT	sha256:dea6332c2fa49ce2c724c78e3e57e41417dab50c82f1ccb5bfb22cc993290609!org/springframework/boot/context/properties/EnableConfigurationProperties.class#sha256:2cd628dcd8340c441255681f42f2c9719826cff3b2f0c10e79830c4b35a4f2f8	Review exact declaration metadata and semantic role against source and framework version.	Annotation declaration census only; family hints do not establish semantics or application uses.
spring.mechanism.unclassified	ANNOTATION_SEMANTICS_NOT_ADJUDICATED	DEPENDENCY_ARTIFACT	ARTIFACT	sha256:dea6332c2fa49ce2c724c78e3e57e41417dab50c82f1ccb5bfb22cc993290609!org/springframework/boot/context/properties/NestedConfigurationProperty.class#sha256:a34c1f6c1c92343de7ee91ef4875c0509e809ebc78de9a5e099279899e46c2c9	Review exact declaration metadata and semantic role against source and framework version.	Annotation declaration census only; family hints do not establish semantics or application uses.
spring.mechanism.unclassified	ANNOTATION_SEMANTICS_NOT_ADJUDICATED	DEPENDENCY_ARTIFACT	ARTIFACT	sha256:dea6332c2fa49ce2c724c78e3e57e41417dab50c82f1ccb5bfb22cc993290609!org/springframework/boot/context/properties/bind/ConstructorBinding.class#sha256:673c2c5a918a3f21a3a0d726120d4d2d503f49806566637fd3c6098bc5632f82	Review exact declaration metadata and semantic role against source and framework version.	Annotation declaration census only; family hints do not establish semantics or application uses.
spring.mechanism.unclassified	ANNOTATION_SEMANTICS_NOT_ADJUDICATED	DEPENDENCY_ARTIFACT	ARTIFACT	sha256:dea6332c2fa49ce2c724c78e3e57e41417dab50c82f1ccb5bfb22cc993290609!org/springframework/boot/context/properties/bind/DefaultValue.class#sha256:d45d3a4c5affdd44a31e3dc8ffc090788e86d9fdd0b1a2e10be2321c811b7703	Review exact declaration metadata and semantic role against source and framework version.	Annotation declaration census only; family hints do not establish semantics or application uses.
spring.mechanism.unclassified	ANNOTATION_SEMANTICS_NOT_ADJUDICATED	DEPENDENCY_ARTIFACT	ARTIFACT	sha256:dea6332c2fa49ce2c724c78e3e57e41417dab50c82f1ccb5bfb22cc993290609!org/springframework/boot/context/properties/bind/Name.class#sha256:c6701726df16e985765a48847aec8e93cc1c47884b47c5a2da435bf2bb122e03	Review exact declaration metadata and semantic role against source and framework version.	Annotation declaration census only; family hints do not establish semantics or application uses.
spring.mechanism.unclassified	ANNOTATION_SEMANTICS_NOT_ADJUDICATED	DEPENDENCY_ARTIFACT	ARTIFACT	sha256:dea6332c2fa49ce2c724c78e3e57e41417dab50c82f1ccb5bfb22cc993290609!org/springframework/boot/context/properties/bind/Nested.class#sha256:3e127c7035098384d3c6b56f9699aa65b49ebc94ecb9d0cd4a9ecccc9eaadedc	Review exact declaration metadata and semantic role against source and framework version.	Annotation declaration census only; family hints do not establish semantics or application uses.
spring.mechanism.unclassified	ANNOTATION_SEMANTICS_NOT_ADJUDICATED	DEPENDENCY_ARTIFACT	ARTIFACT	sha256:dea6332c2fa49ce2c724c78e3e57e41417dab50c82f1ccb5bfb22cc993290609!org/springframework/boot/convert/DataSizeUnit.class#sha256:8f65e72d002b744123d9f1bb1425d83b36e02931a8ccef0cd9376bee3c09b26f	Review exact declaration metadata and semantic role against source and framework version.	Annotation declaration census only; family hints do not establish semantics or application uses.
spring.mechanism.unclassified	ANNOTATION_SEMANTICS_NOT_ADJUDICATED	DEPENDENCY_ARTIFACT	ARTIFACT	sha256:dea6332c2fa49ce2c724c78e3e57e41417dab50c82f1ccb5bfb22cc993290609!org/springframework/boot/convert/Delimiter.class#sha256:8d1589e8c290052982290caa38b676f55cb1f05e9a204dc7b83b21b23dae738e	Review exact declaration metadata and semantic role against source and framework version.	Annotation declaration census only; family hints do not establish semantics or application uses.
spring.mechanism.unclassified	ANNOTATION_SEMANTICS_NOT_ADJUDICATED	DEPENDENCY_ARTIFACT	ARTIFACT	sha256:dea6332c2fa49ce2c724c78e3e57e41417dab50c82f1ccb5bfb22cc993290609!org/springframework/boot/convert/DurationFormat.class#sha256:fb64d08cedcf1f3982baa785f8afe768a7d8d08287f7a4f6d9911c46e26522f8	Review exact declaration metadata and semantic role against source and framework version.	Annotation declaration census only; family hints do not establish semantics or application uses.
spring.mechanism.unclassified	ANNOTATION_SEMANTICS_NOT_ADJUDICATED	DEPENDENCY_ARTIFACT	ARTIFACT	sha256:dea6332c2fa49ce2c724c78e3e57e41417dab50c82f1ccb5bfb22cc993290609!org/springframework/boot/convert/DurationUnit.class#sha256:04c08f5567efaad8a5f03b5ae1bc6493256b3ec6dd2bf981e1ab5a31feecfefa	Review exact declaration metadata and semantic role against source and framework version.	Annotation declaration census only; family hints do not establish semantics or application uses.
spring.mechanism.unclassified	ANNOTATION_SEMANTICS_NOT_ADJUDICATED	DEPENDENCY_ARTIFACT	ARTIFACT	sha256:dea6332c2fa49ce2c724c78e3e57e41417dab50c82f1ccb5bfb22cc993290609!org/springframework/boot/convert/PeriodFormat.class#sha256:5f10b1ec80bc200b52a22281e2c01aac790e1a71f82b9da6fafbda04c8bb575a	Review exact declaration metadata and semantic role against source and framework version.	Annotation declaration census only; family hints do not establish semantics or application uses.
spring.mechanism.unclassified	ANNOTATION_SEMANTICS_NOT_ADJUDICATED	DEPENDENCY_ARTIFACT	ARTIFACT	sha256:dea6332c2fa49ce2c724c78e3e57e41417dab50c82f1ccb5bfb22cc993290609!org/springframework/boot/convert/PeriodUnit.class#sha256:9af617d69a4699515de0c8c8d1e9ea421e4727100be736958bb34ec3d9196780	Review exact declaration metadata and semantic role against source and framework version.	Annotation declaration census only; family hints do not establish semantics or application uses.
spring.mechanism.unclassified	ANNOTATION_SEMANTICS_NOT_ADJUDICATED	DEPENDENCY_ARTIFACT	ARTIFACT	sha256:dea6332c2fa49ce2c724c78e3e57e41417dab50c82f1ccb5bfb22cc993290609!org/springframework/boot/jackson/JsonComponent.class#sha256:ae53e7e1b47688c4aaa7855b82f8fc7349815e8243dbee99649238ee5d076416	Review exact declaration metadata and semantic role against source and framework version.	Annotation declaration census only; family hints do not establish semantics or application uses.
spring.mechanism.unclassified	ANNOTATION_SEMANTICS_NOT_ADJUDICATED	DEPENDENCY_ARTIFACT	ARTIFACT	sha256:dea6332c2fa49ce2c724c78e3e57e41417dab50c82f1ccb5bfb22cc993290609!org/springframework/boot/jackson/JsonMixin.class#sha256:889e62dc86fd08e563fa17a4ae67b303b65853659a8c943c9a7cc7de30426af6	Review exact declaration metadata and semantic role against source and framework version.	Annotation declaration census only; family hints do not establish semantics or application uses.
spring.mechanism.unclassified	ANNOTATION_SEMANTICS_NOT_ADJUDICATED	DEPENDENCY_ARTIFACT	ARTIFACT	sha256:dea6332c2fa49ce2c724c78e3e57e41417dab50c82f1ccb5bfb22cc993290609!org/springframework/boot/sql/init/dependency/DependsOnDatabaseInitialization.class#sha256:32dba6ee64418a59a276bfa674593be2747a924ceb30d3f23d542c4d8b263f6b	Review exact declaration metadata and semantic role against source and framework version.	Annotation declaration census only; family hints do not establish semantics or application uses.
spring.mechanism.unclassified	ANNOTATION_SEMANTICS_NOT_ADJUDICATED	DEPENDENCY_ARTIFACT	ARTIFACT	sha256:dea6332c2fa49ce2c724c78e3e57e41417dab50c82f1ccb5bfb22cc993290609!org/springframework/boot/web/servlet/ServletComponentScan.class#sha256:bf25e2cbaf29f59a84c427816f93b43225db18dd6214deb3ec7a59cac6b004c1	Review exact declaration metadata and semantic role against source and framework version.	Annotation declaration census only; family hints do not establish semantics or application uses.
spring.mechanism.unclassified	ANNOTATION_SEMANTICS_NOT_ADJUDICATED	DEPENDENCY_ARTIFACT	ARTIFACT	sha256:e04ba5195bcd555dc95650f7cc614d151e4bcd52d29a10b8aa2197f3ab89ab9b!javax/annotation/Generated.class#sha256:433f8818656bd389ff6f389e2b97b4054d7a460b6cf2e42ae94b439b2fdfd092	Review exact declaration metadata and semantic role against source and framework version.	Annotation declaration census only; family hints do not establish semantics or application uses.
spring.mechanism.unclassified	ANNOTATION_SEMANTICS_NOT_ADJUDICATED	DEPENDENCY_ARTIFACT	ARTIFACT	sha256:e04ba5195bcd555dc95650f7cc614d151e4bcd52d29a10b8aa2197f3ab89ab9b!javax/annotation/ManagedBean.class#sha256:3ffb904ffcf3a29f73a7d2baddf49cda3bfd16aab5ff315fd0de8f8d85409bf3	Review exact declaration metadata and semantic role against source and framework version.	Annotation declaration census only; family hints do not establish semantics or application uses.
spring.mechanism.unclassified	ANNOTATION_SEMANTICS_NOT_ADJUDICATED	DEPENDENCY_ARTIFACT	ARTIFACT	sha256:e04ba5195bcd555dc95650f7cc614d151e4bcd52d29a10b8aa2197f3ab89ab9b!javax/annotation/PostConstruct.class#sha256:a783329e3e650464b5ec9ef98019e24352d975025430633273c625edfb0ca34e	Review exact declaration metadata and semantic role against source and framework version.	Annotation declaration census only; family hints do not establish semantics or application uses.
spring.mechanism.unclassified	ANNOTATION_SEMANTICS_NOT_ADJUDICATED	DEPENDENCY_ARTIFACT	ARTIFACT	sha256:e04ba5195bcd555dc95650f7cc614d151e4bcd52d29a10b8aa2197f3ab89ab9b!javax/annotation/PreDestroy.class#sha256:9bf8206f3600078546251e8e97208adbdbe34faa1c43a6ba16ef80df07491607	Review exact declaration metadata and semantic role against source and framework version.	Annotation declaration census only; family hints do not establish semantics or application uses.
spring.mechanism.unclassified	ANNOTATION_SEMANTICS_NOT_ADJUDICATED	DEPENDENCY_ARTIFACT	ARTIFACT	sha256:e04ba5195bcd555dc95650f7cc614d151e4bcd52d29a10b8aa2197f3ab89ab9b!javax/annotation/Priority.class#sha256:911080c7f808868e47223d4bc01d85d62b94fed8b471cbd95a1ea14c7425346e	Review exact declaration metadata and semantic role against source and framework version.	Annotation declaration census only; family hints do not establish semantics or application uses.
spring.mechanism.unclassified	ANNOTATION_SEMANTICS_NOT_ADJUDICATED	DEPENDENCY_ARTIFACT	ARTIFACT	sha256:e04ba5195bcd555dc95650f7cc614d151e4bcd52d29a10b8aa2197f3ab89ab9b!javax/annotation/Resource.class#sha256:6a9bdbe8b030095a3e8928e4696ba59da4b414d9f9f9d229508b4568bc8dede4	Review exact declaration metadata and semantic role against source and framework version.	Annotation declaration census only; family hints do not establish semantics or application uses.
spring.mechanism.unclassified	ANNOTATION_SEMANTICS_NOT_ADJUDICATED	DEPENDENCY_ARTIFACT	ARTIFACT	sha256:e04ba5195bcd555dc95650f7cc614d151e4bcd52d29a10b8aa2197f3ab89ab9b!javax/annotation/Resources.class#sha256:aa3f1a77b19d6ab7a3c233bbd263dff42b40fde3cb5880bc7982ff5c389ae8de	Review exact declaration metadata and semantic role against source and framework version.	Annotation declaration census only; family hints do not establish semantics or application uses.
spring.mechanism.unclassified	ANNOTATION_SEMANTICS_NOT_ADJUDICATED	DEPENDENCY_ARTIFACT	ARTIFACT	sha256:e04ba5195bcd555dc95650f7cc614d151e4bcd52d29a10b8aa2197f3ab89ab9b!javax/annotation/security/DeclareRoles.class#sha256:8d9ac1f4d169f40a8e7ff2a382522f771c3a21c44078c50ae07d702b4248c64e	Review exact declaration metadata and semantic role against source and framework version.	Annotation declaration census only; family hints do not establish semantics or application uses.
spring.mechanism.unclassified	ANNOTATION_SEMANTICS_NOT_ADJUDICATED	DEPENDENCY_ARTIFACT	ARTIFACT	sha256:e04ba5195bcd555dc95650f7cc614d151e4bcd52d29a10b8aa2197f3ab89ab9b!javax/annotation/security/DenyAll.class#sha256:a194ca819c2bf498225111cf91c28977dc8d2138cf5af92b2f2158d78b860828	Review exact declaration metadata and semantic role against source and framework version.	Annotation declaration census only; family hints do not establish semantics or application uses.
spring.mechanism.unclassified	ANNOTATION_SEMANTICS_NOT_ADJUDICATED	DEPENDENCY_ARTIFACT	ARTIFACT	sha256:e04ba5195bcd555dc95650f7cc614d151e4bcd52d29a10b8aa2197f3ab89ab9b!javax/annotation/security/PermitAll.class#sha256:480d5d84dd65501fbf77704fc9da6ba4926c0a9f122ff0c23d43e3f9c08fd907	Review exact declaration metadata and semantic role against source and framework version.	Annotation declaration census only; family hints do not establish semantics or application uses.
spring.mechanism.unclassified	ANNOTATION_SEMANTICS_NOT_ADJUDICATED	DEPENDENCY_ARTIFACT	ARTIFACT	sha256:e04ba5195bcd555dc95650f7cc614d151e4bcd52d29a10b8aa2197f3ab89ab9b!javax/annotation/security/RolesAllowed.class#sha256:46a3a15acd83e0cb2545a6a309c64095e5a157ff74e1552a9adecda33a9faabd	Review exact declaration metadata and semantic role against source and framework version.	Annotation declaration census only; family hints do not establish semantics or application uses.
spring.mechanism.unclassified	ANNOTATION_SEMANTICS_NOT_ADJUDICATED	DEPENDENCY_ARTIFACT	ARTIFACT	sha256:e04ba5195bcd555dc95650f7cc614d151e4bcd52d29a10b8aa2197f3ab89ab9b!javax/annotation/security/RunAs.class#sha256:b010aa3fb0f84a9fe54e8be2872c625153597f3691c1c1a9e78f43703818efe0	Review exact declaration metadata and semantic role against source and framework version.	Annotation declaration census only; family hints do not establish semantics or application uses.
spring.mechanism.unclassified	ANNOTATION_SEMANTICS_NOT_ADJUDICATED	DEPENDENCY_ARTIFACT	ARTIFACT	sha256:e04ba5195bcd555dc95650f7cc614d151e4bcd52d29a10b8aa2197f3ab89ab9b!javax/annotation/sql/DataSourceDefinition.class#sha256:c3d46fec0755c1c68016778e7bf1731879368dfbd3d791c98ae4f8e9dbd24592	Review exact declaration metadata and semantic role against source and framework version.	Annotation declaration census only; family hints do not establish semantics or application uses.
spring.mechanism.unclassified	ANNOTATION_SEMANTICS_NOT_ADJUDICATED	DEPENDENCY_ARTIFACT	ARTIFACT	sha256:e04ba5195bcd555dc95650f7cc614d151e4bcd52d29a10b8aa2197f3ab89ab9b!javax/annotation/sql/DataSourceDefinitions.class#sha256:b5786e46fb21d9064390098d06f0e095872baccc9076df5ad0235f6cc7d8ceaf	Review exact declaration metadata and semantic role against source and framework version.	Annotation declaration census only; family hints do not establish semantics or application uses.
spring.mechanism.unclassified	ANNOTATION_SEMANTICS_NOT_ADJUDICATED	DEPENDENCY_ARTIFACT	ARTIFACT	sha256:e15a1179fc9642ffed13ca55e2863e2da524ccd1083b7c6f1b5cfd5733f3b2c5!org/springframework/aot/generate/Generated.class#sha256:59900dda22de2e511b95009bbdb72e93482ec53735068c7c984dbbcf5629a136	Review exact declaration metadata and semantic role against source and framework version.	Annotation declaration census only; family hints do not establish semantics or application uses.
spring.mechanism.unclassified	ANNOTATION_SEMANTICS_NOT_ADJUDICATED	DEPENDENCY_ARTIFACT	ARTIFACT	sha256:e15a1179fc9642ffed13ca55e2863e2da524ccd1083b7c6f1b5cfd5733f3b2c5!org/springframework/aot/hint/annotation/Reflective.class#sha256:1dfb5cf1e7d04a9d1cb3d162ee4b593d6ff40449107a0284b1fad8143d0fffba	Review exact declaration metadata and semantic role against source and framework version.	Annotation declaration census only; family hints do not establish semantics or application uses.
spring.mechanism.unclassified	ANNOTATION_SEMANTICS_NOT_ADJUDICATED	DEPENDENCY_ARTIFACT	ARTIFACT	sha256:e15a1179fc9642ffed13ca55e2863e2da524ccd1083b7c6f1b5cfd5733f3b2c5!org/springframework/aot/hint/annotation/RegisterReflectionForBinding.class#sha256:3d4eda68255a986c6a3e947713f318c03f59af9157a64f91a5680aeca019a291	Review exact declaration metadata and semantic role against source and framework version.	Annotation declaration census only; family hints do not establish semantics or application uses.
spring.mechanism.unclassified	ANNOTATION_SEMANTICS_NOT_ADJUDICATED	DEPENDENCY_ARTIFACT	ARTIFACT	sha256:e15a1179fc9642ffed13ca55e2863e2da524ccd1083b7c6f1b5cfd5733f3b2c5!org/springframework/core/annotation/AliasFor.class#sha256:65c886d6e0275bf10a6a1d0abdfaa9b0a4f929cf75353a26f997d5d96fea0f30	Review exact declaration metadata and semantic role against source and framework version.	Annotation declaration census only; family hints do not establish semantics or application uses.
spring.mechanism.unclassified	ANNOTATION_SEMANTICS_NOT_ADJUDICATED	DEPENDENCY_ARTIFACT	ARTIFACT	sha256:e15a1179fc9642ffed13ca55e2863e2da524ccd1083b7c6f1b5cfd5733f3b2c5!org/springframework/core/annotation/Order.class#sha256:05de4c4b0823ba2cce693403315a2e0c45da1aad18bd68d07c7db6690f75fc2a	Review exact declaration metadata and semantic role against source and framework version.	Annotation declaration census only; family hints do not establish semantics or application uses.
spring.mechanism.unclassified	ANNOTATION_SEMANTICS_NOT_ADJUDICATED	DEPENDENCY_ARTIFACT	ARTIFACT	sha256:e15a1179fc9642ffed13ca55e2863e2da524ccd1083b7c6f1b5cfd5733f3b2c5!org/springframework/lang/NonNull.class#sha256:886990557b5f37e8d6cd8c888f385f30f9d9f75f6ea97d01856f7b771f2b2c27	Review exact declaration metadata and semantic role against source and framework version.	Annotation declaration census only; family hints do not establish semantics or application uses.
spring.mechanism.unclassified	ANNOTATION_SEMANTICS_NOT_ADJUDICATED	DEPENDENCY_ARTIFACT	ARTIFACT	sha256:e15a1179fc9642ffed13ca55e2863e2da524ccd1083b7c6f1b5cfd5733f3b2c5!org/springframework/lang/NonNullApi.class#sha256:81ed8bdb2b2384b1d291673c70cc73c107d63193bbc0b793443a1f007945cd16	Review exact declaration metadata and semantic role against source and framework version.	Annotation declaration census only; family hints do not establish semantics or application uses.
spring.mechanism.unclassified	ANNOTATION_SEMANTICS_NOT_ADJUDICATED	DEPENDENCY_ARTIFACT	ARTIFACT	sha256:e15a1179fc9642ffed13ca55e2863e2da524ccd1083b7c6f1b5cfd5733f3b2c5!org/springframework/lang/NonNullFields.class#sha256:1ad7b84716093dd7759ec2b5ea8576cd491246b2827a31bf3ec793f28be93af9	Review exact declaration metadata and semantic role against source and framework version.	Annotation declaration census only; family hints do not establish semantics or application uses.
spring.mechanism.unclassified	ANNOTATION_SEMANTICS_NOT_ADJUDICATED	DEPENDENCY_ARTIFACT	ARTIFACT	sha256:e15a1179fc9642ffed13ca55e2863e2da524ccd1083b7c6f1b5cfd5733f3b2c5!org/springframework/lang/Nullable.class#sha256:3f9ebc35befade39819343ff604982853608cc2e086c2f48cd9e78492a7dab8a	Review exact declaration metadata and semantic role against source and framework version.	Annotation declaration census only; family hints do not establish semantics or application uses.
spring.mechanism.unclassified	ANNOTATION_SEMANTICS_NOT_ADJUDICATED	DEPENDENCY_ARTIFACT	ARTIFACT	sha256:e15a1179fc9642ffed13ca55e2863e2da524ccd1083b7c6f1b5cfd5733f3b2c5!org/springframework/objenesis/instantiator/annotations/Instantiator.class#sha256:ce23ce5a0637bb30b8fb1fcf1ab46af06d88f2c4a3d6b26a93ee52c704b975be	Review exact declaration metadata and semantic role against source and framework version.	Annotation declaration census only; family hints do not establish semantics or application uses.
spring.mechanism.unclassified	PRODUCTION_MECHANISM_NOT_IMPLEMENTED	ALTERNATE_FRONTEND	CATEGORY	spring.mechanism.unclassified	Implement and independently verify this mechanism within the approved M4 slice.	R0 target only; no production Spring extraction claim.
spring.mechanism.unclassified	RESEARCH_SOURCE_UNAVAILABLE	REPOSITORY_CONTENT	REPOSITORY_PATH	https://docs.spring.io/spring-data/commons/reference/3.4/repositories/create-instances.html	Acquire authoritative versioned source bytes and verify the content digest.	Source S37 acquisition outcome: HTTPError. No source digest fabricated.
spring.mechanism.unclassified	RESEARCH_SOURCE_UNAVAILABLE	REPOSITORY_CONTENT	REPOSITORY_PATH	https://logicng.org/documentation/knowledge-compilation/bdd/	Acquire authoritative versioned source bytes and verify the content digest.	Source S35 acquisition outcome: HTTPError. No source digest fabricated.
spring.mechanism.unclassified	RESEARCH_SOURCE_UNAVAILABLE	REPOSITORY_CONTENT	REPOSITORY_PATH	https://logicng.org/documentation/solvers/sat-solving/	Acquire authoritative versioned source bytes and verify the content digest.	Source S34 acquisition outcome: HTTPError. No source digest fabricated.
spring.mechanism.unclassified	VERSION_FRAGMENT_NOT_VALIDATED	DEPENDENCY_ARTIFACT	CATEGORY	spring.version.boot-1.0-1.5	Pin exact artifacts and adjudicate version-specific positive negative and order fixtures.	Historical research envelope row; selected modern runtime fixtures do not certify this range.
spring.mechanism.unclassified	VERSION_FRAGMENT_NOT_VALIDATED	DEPENDENCY_ARTIFACT	CATEGORY	spring.version.boot-2.0-2.6	Pin exact artifacts and adjudicate version-specific positive negative and order fixtures.	Historical research envelope row; selected modern runtime fixtures do not certify this range.
spring.mechanism.unclassified	VERSION_FRAGMENT_NOT_VALIDATED	DEPENDENCY_ARTIFACT	CATEGORY	spring.version.boot-3.0-3.2	Pin exact artifacts and adjudicate version-specific positive negative and order fixtures.	Historical research envelope row; selected modern runtime fixtures do not certify this range.
spring.mechanism.unclassified	VERSION_FRAGMENT_NOT_VALIDATED	DEPENDENCY_ARTIFACT	CATEGORY	spring.version.boot-3.4-other-patches	Pin exact artifacts and adjudicate version-specific positive negative and order fixtures.	Historical research envelope row; selected modern runtime fixtures do not certify this range.
spring.mechanism.unclassified	VERSION_FRAGMENT_NOT_VALIDATED	DEPENDENCY_ARTIFACT	CATEGORY	spring.version.framework-1.x	Pin exact artifacts and adjudicate version-specific positive negative and order fixtures.	Historical research envelope row; selected modern runtime fixtures do not certify this range.
spring.mechanism.unclassified	VERSION_FRAGMENT_NOT_VALIDATED	DEPENDENCY_ARTIFACT	CATEGORY	spring.version.framework-2.0	Pin exact artifacts and adjudicate version-specific positive negative and order fixtures.	Historical research envelope row; selected modern runtime fixtures do not certify this range.
spring.mechanism.unclassified	VERSION_FRAGMENT_NOT_VALIDATED	DEPENDENCY_ARTIFACT	CATEGORY	spring.version.framework-2.5	Pin exact artifacts and adjudicate version-specific positive negative and order fixtures.	Historical research envelope row; selected modern runtime fixtures do not certify this range.
spring.mechanism.unclassified	VERSION_FRAGMENT_NOT_VALIDATED	DEPENDENCY_ARTIFACT	CATEGORY	spring.version.framework-3.0	Pin exact artifacts and adjudicate version-specific positive negative and order fixtures.	Historical research envelope row; selected modern runtime fixtures do not certify this range.
spring.mechanism.unclassified	VERSION_FRAGMENT_NOT_VALIDATED	DEPENDENCY_ARTIFACT	CATEGORY	spring.version.framework-3.1	Pin exact artifacts and adjudicate version-specific positive negative and order fixtures.	Historical research envelope row; selected modern runtime fixtures do not certify this range.
spring.mechanism.unclassified	VERSION_FRAGMENT_NOT_VALIDATED	DEPENDENCY_ARTIFACT	CATEGORY	spring.version.framework-3.2	Pin exact artifacts and adjudicate version-specific positive negative and order fixtures.	Historical research envelope row; selected modern runtime fixtures do not certify this range.
spring.mechanism.unclassified	VERSION_FRAGMENT_NOT_VALIDATED	DEPENDENCY_ARTIFACT	CATEGORY	spring.version.framework-4.0-4.2	Pin exact artifacts and adjudicate version-specific positive negative and order fixtures.	Historical research envelope row; selected modern runtime fixtures do not certify this range.
spring.mechanism.unclassified	VERSION_FRAGMENT_NOT_VALIDATED	DEPENDENCY_ARTIFACT	CATEGORY	spring.version.framework-4.3	Pin exact artifacts and adjudicate version-specific positive negative and order fixtures.	Historical research envelope row; selected modern runtime fixtures do not certify this range.
spring.mechanism.unclassified	VERSION_FRAGMENT_NOT_VALIDATED	DEPENDENCY_ARTIFACT	CATEGORY	spring.version.framework-5.0-5.2	Pin exact artifacts and adjudicate version-specific positive negative and order fixtures.	Historical research envelope row; selected modern runtime fixtures do not certify this range.
spring.registration.auto-configuration	PRODUCTION_MECHANISM_NOT_IMPLEMENTED	ALTERNATE_FRONTEND	CATEGORY	spring.registration.auto-configuration	Implement and independently verify this mechanism within the approved M4 slice.	R0 target only; no production Spring extraction claim.
spring.registration.factory	PRODUCTION_MECHANISM_NOT_IMPLEMENTED	ALTERNATE_FRONTEND	CATEGORY	spring.registration.factory	Implement and independently verify this mechanism within the approved M4 slice.	R0 target only; no production Spring extraction claim.
spring.registration.programmatic	PARTIAL_ORDER_ORACLE_NOT_IMPLEMENTED	ALTERNATE_FRONTEND	CATEGORY	spring.research.partial_order_oracle_not_implemented	Verify finite legal-order enumeration and distinguish epistemic order uncertainty.	Explicit R0 gate qualification; no empirical acceptance inferred.
spring.registration.programmatic	PRODUCTION_MECHANISM_NOT_IMPLEMENTED	ALTERNATE_FRONTEND	CATEGORY	spring.registration.programmatic	Implement and independently verify this mechanism within the approved M4 slice.	R0 target only; no production Spring extraction claim.
spring.registration.spring-data	PRODUCTION_MECHANISM_NOT_IMPLEMENTED	ALTERNATE_FRONTEND	CATEGORY	spring.registration.spring-data	Implement and independently verify this mechanism within the approved M4 slice.	R0 target only; no production Spring extraction claim.
spring.registration.xml	PRODUCTION_MECHANISM_NOT_IMPLEMENTED	ALTERNATE_FRONTEND	CATEGORY	spring.registration.xml	Implement and independently verify this mechanism within the approved M4 slice.	R0 target only; no production Spring extraction claim.
spring.runtime.proxy-aop	PRODUCTION_MECHANISM_NOT_IMPLEMENTED	ALTERNATE_FRONTEND	CATEGORY	spring.runtime.proxy-aop	Implement and independently verify this mechanism within the approved M4 slice.	R0 target only; no production Spring extraction claim.
